smiles,IC50_nM
CO\C(O)=C1\C(C(C(=O)OCC(C)C)=C(C)N=C1C)c1cccc(c1)[N+]([O-])=O,0.0081
CCCCCCCCO\C(O)=C1\C(C(C(=O)OCC)=C(C)N=C1C)c1cccc(c1)[N+]([O-])=O,0.01
CO\C(O)=C1\C(C(C(=O)OCC(C)C)=C(C)N=C1C)c1cccc(c1)C#N,0.013
CO\C(O)=C1\C(C(C(=O)OCC(C)C)=C(C)N=C1C)c1ccccc1[N+]([O-])=O,0.015
CCO\C(O)=C1\C(C(C(=O)OCCO\C(O)=C2\C(C(C(=O)OC(C)C)=C(C)N=C2C)c2cccc(c2)[N+]([O-])=O)=C(C)N=C1C)c1ccc(cc1)[N+]([O-])=O,0.017
CCO\C(O)=C1\C(C(C(=O)OCCCCO\C(O)=C2\C(C(C(=O)OCC)=C(C)N=C2C)c2cccc(c2)[N+]([O-])=O)=C(C)N=C1C)c1cccc(c1)[N+]([O-])=O,0.022
CO\C(O)=C1\C(C(C(=O)OCC(C)C)=C(C)N=C1C)c1ccccc1C(F)(F)F,0.027
CCO\C(O)=C1\C(C(C(=O)OCCCCCCCCO\C(O)=C2\C(C(C(=O)OCC)=C(C)N=C2C)c2cccc(c2)[N+]([O-])=O)=C(C)N=C1C)c1cccc(c1)[N+]([O-])=O,0.03
CCO\C(O)=C1\C(C(C(=O)OCCCCCCCCCCO\C(O)=C2\C(C(C(=O)OCC)=C(C)N=C2C)c2cccc(c2)[N+]([O-])=O)=C(C)N=C1C)c1cccc(c1)[N+]([O-])=O,0.033
CCO\C(O)=C1\C(C(C(=O)OCCCCCCO\C(O)=C2\C(C(C(=O)OCC)=C(C)N=C2C)c2cccc(c2)[N+]([O-])=O)=C(C)N=C1C)c1cccc(c1)[N+]([O-])=O,0.045
CCOC(=O)C1=C(C)NC(C)=C(C1c1cccc(c1)[N+]([O-])=O)C(=O)OCC,0.046
CCO\C(O)=C1\C(C(C(=O)OCCCCCCCCCCCCO\C(O)=C2\C(C(C(=O)OCC)=C(C)N=C2C)c2cccc(c2)[N+]([O-])=O)=C(C)N=C1C)c1cccc(c1)[N+]([O-])=O,0.05
CO\C(O)=C1\C(C(C(=O)OCC(C)C)=C(C)N=C1C)c1cccc(c1)C(F)(F)F,0.14
CCOC(=O)C1=C(C)N=C(C)C(C1c1cccc(c1)[N+]([O-])=O)C(=O)OC,0.15
CCOC(=O)C1=C(C)N=C(C)C(C1c1cccc(c1)[N+]([O-])=O)C(=O)OC,0.35
CCOC(=O)C1=C(C)N=C(C)C(C1c1cccc(c1)[N+]([O-])=O)C(=O)OC,1.0
CO\C(O)=C1\C(C(C(=O)OCC(C)C)=C(C)N=C1C)c1ccccc1,0.25
CCO\C(O)=C1\C(C(C(=O)OCCO\C(O)=C2\C(C(C(=O)OCC)=C(C)N=C2C)c2cccc(c2)[N+]([O-])=O)=C(C)N=C1C)c1cccc(c1)[N+]([O-])=O,0.39
CO\C(O)=C1\C(C(C(=O)OCC(C)C)=C(C)N=C1C)c1ccc(F)cc1,1.5
CCO\C(O)=C1\C(N(C(=O)OCC)C(=S)N=C1C)c1cccc(Cl)c1Cl,1.5
CCOC(=O)N1C(\C(=C(/O)OC(C)C)C(C)=NC1=S)c1cccc(c1)[N+]([O-])=O,1.7
CCOC(=O)N1[C@@H](\C(=C(/O)OC(C)C)C(C)=NC1=S)c1cccc(c1)[N+]([O-])=O,2.0
COC(=O)C1=C(C)NC(C)=C(C1c1cccc2nonc12)C(=O)OC(C)C,2.2
COC(=O)C1=C(C)NC(C)=C(C1c1ccccc1[N+]([O-])=O)C(=O)OCC(C)C,3.0
COC(=O)C1=C(C)NC(C)=C(C1c1ccccc1[N+]([O-])=O)C(=O)OC,10.0
COC(=O)C1=C(C)NC(C)=C(C1c1ccccc1[N+]([O-])=O)C(=O)OC,22000.0
COC(=O)C1=C(C)NC(C)=C(C1c1ccccc1[N+]([O-])=O)C(=O)OC,22.0
COC(=O)C1=C(C)NC(C)=C(C1c1ccccc1[N+]([O-])=O)C(=O)OC,50.0
COC(=O)C1=C(C)NC(C)=C(C1c1ccccc1[N+]([O-])=O)C(=O)OC,55.0
FC(F)(F)c1cc2nc(CC3CCNCC3)[nH]c2cc1C(F)(F)F,10000.0
FC(F)(F)c1cc2nc(CC3CCNCC3)[nH]c2cc1C(F)(F)F,10000.0
CC1(C)NCCN(CC(=O)NCc2ccc(nc2)C(F)(F)F)C1=O,10000.0
CC1(C)NCCN(CC(=O)NCc2ccc(nc2)C(F)(F)F)C1=O,10000.0
CC(C)(C)NC(=O)Cn1c(CN2CCNC(C)(C)C2=O)nc2c(cc(cc12)C(F)(F)F)C(F)(F)F,10000.0
CC(C)(C)NC(=O)Cn1c(CN2CCNC(C)(C)C2=O)nc2c(cc(cc12)C(F)(F)F)C(F)(F)F,10000.0
CC(C)(C)NC(=O)Cn1c(CC2CCNCC2)nc2c(cc(cc12)C(F)(F)F)C(F)(F)F,10000.0
CC(C)(C)NC(=O)Cn1c(CC2CCNCC2)nc2c(cc(cc12)C(F)(F)F)C(F)(F)F,10000.0
FC(F)(F)c1cc(c2[nH]c(CC(=O)N3CCNCC3)nc2c1)C(F)(F)F,10000.0
FC(F)(F)c1cc(c2[nH]c(CC(=O)N3CCNCC3)nc2c1)C(F)(F)F,10000.0
CC1(C)NCCN(Cc2nc3cc(Cl)c(Cl)cc3[nH]2)C1=O,10000.0
CC1(C)NCCN(Cc2nc3cc(Cl)c(Cl)cc3[nH]2)C1=O,10000.0
FC(F)(F)c1cc(c2[nH]c(CN3CCNC(=O)C3)nc2c1)C(F)(F)F,10000.0
FC(F)(F)c1cc(c2[nH]c(CN3CCNC(=O)C3)nc2c1)C(F)(F)F,10000.0
CC(C)(C)NC(=O)Cn1c(CN2CCNC(C)(C)C2=O)nc2cc(c(cc12)C(F)(F)F)C(F)(F)F,10000.0
CC(C)(C)NC(=O)Cn1c(CN2CCNC(C)(C)C2=O)nc2cc(c(cc12)C(F)(F)F)C(F)(F)F,10000.0
CC(C)(O)Cn1c(CN2CCNC(C)(C)C2=O)nc2cc(c(cc12)C(F)(F)F)C(F)(F)F,10000.0
CC(C)(O)Cn1c(CN2CCNC(C)(C)C2=O)nc2cc(c(cc12)C(F)(F)F)C(F)(F)F,10000.0
CC1(C)NCCN(Cc2nc3cc(c(cc3[nH]2)C(F)(F)F)C(F)(F)F)C1=O,10000.0
CC1(C)NCCN(Cc2nc3cc(c(cc3[nH]2)C(F)(F)F)C(F)(F)F)C1=O,10000.0
FC(F)(F)c1cc2nc(CN3CCNCC3=O)[nH]c2cc1C(F)(F)F,10000.0
FC(F)(F)c1cc2nc(CN3CCNCC3=O)[nH]c2cc1C(F)(F)F,10000.0
CC(C)(C)NC(=O)Cn1c(CN2CCNCC2=O)nc2c(Cl)cc(Cl)cc12,10000.0
CC(C)(C)NC(=O)Cn1c(CN2CCNCC2=O)nc2c(Cl)cc(Cl)cc12,10000.0
N[C@H]1CCCC[C@@H]1C(=O)NCc1nc2cc(cc(c2[nH]1)C(F)(F)F)C(F)(F)F,10000.0
N[C@H]1CCCC[C@@H]1C(=O)NCc1nc2cc(cc(c2[nH]1)C(F)(F)F)C(F)(F)F,10000.0
N[C@@H]1CCCC[C@H]1C(=O)NCc1nc2cc(cc(c2[nH]1)C(F)(F)F)C(F)(F)F,10000.0
N[C@@H]1CCCC[C@H]1C(=O)NCc1nc2cc(cc(c2[nH]1)C(F)(F)F)C(F)(F)F,10000.0
N[C@H]1CCCC[C@H]1C(=O)NCc1nc2cc(cc(c2[nH]1)C(F)(F)F)C(F)(F)F,10000.0
N[C@H]1CCCC[C@H]1C(=O)NCc1nc2cc(cc(c2[nH]1)C(F)(F)F)C(F)(F)F,10000.0
N[C@@H]1CCCC[C@@H]1C(=O)NCc1nc2cc(cc(c2[nH]1)C(F)(F)F)C(F)(F)F,10000.0
N[C@@H]1CCCC[C@@H]1C(=O)NCc1nc2cc(cc(c2[nH]1)C(F)(F)F)C(F)(F)F,10000.0
NC1(Cc2nc3cc(cc(c3[nH]2)C(F)(F)F)C(F)(F)F)CCCCC1,10000.0
NC1(Cc2nc3cc(cc(c3[nH]2)C(F)(F)F)C(F)(F)F)CCCCC1,4650.0
Fc1cc(F)c2[nH]c(CN3CCNCC3=O)nc2c1,10000.0
Fc1cc(F)c2[nH]c(CN3CCNCC3=O)nc2c1,10000.0
Fc1c(F)c(F)c2[nH]c(CN3CCNCC3=O)nc2c1F,10000.0
Fc1c(F)c(F)c2[nH]c(CN3CCNCC3=O)nc2c1F,10000.0
CC(C)(N)CC(=O)N1CC(Cc2nc3c(cc(cc3[nH]2)C(F)(F)F)C(F)(F)F)C1,10000.0
CC(C)(N)CC(=O)N1CC(Cc2nc3c(cc(cc3[nH]2)C(F)(F)F)C(F)(F)F)C1,10000.0
NCCC(=O)N1CC(Cc2nc3c(cc(cc3[nH]2)C(F)(F)F)C(F)(F)F)C1,10000.0
NCCC(=O)N1CC(Cc2nc3c(cc(cc3[nH]2)C(F)(F)F)C(F)(F)F)C1,10000.0
NCC(=O)N1CC(Cc2nc3c(cc(cc3[nH]2)C(F)(F)F)C(F)(F)F)C1,10000.0
NCC(=O)N1CC(Cc2nc3c(cc(cc3[nH]2)C(F)(F)F)C(F)(F)F)C1,10000.0
CC(=O)N1CC(Cc2nc3c(cc(cc3[nH]2)C(F)(F)F)C(F)(F)F)C1,10000.0
CC(=O)N1CC(Cc2nc3c(cc(cc3[nH]2)C(F)(F)F)C(F)(F)F)C1,10000.0
FC(F)(F)c1ccc(NC(=O)CC2CNC2)nc1,10000.0
FC(F)(F)c1ccc(NC(=O)CC2CNC2)nc1,10000.0
CC(C)(C)NC(=O)Cn1c(CC2CNC2)nc2c(cc(cc12)C(F)(F)F)C(F)(F)F,10000.0
CC(C)(C)NC(=O)Cn1c(CC2CNC2)nc2c(cc(cc12)C(F)(F)F)C(F)(F)F,10000.0
Clc1cc2nc(CC3CNC3)[nH]c2cc1Cl,10000.0
Clc1cc2nc(CC3CNC3)[nH]c2cc1Cl,10000.0
NC1(CC1)c1nc2cc(cc(c2[nH]1)C(F)(F)F)C(F)(F)F,10000.0
NC1(CC1)c1nc2cc(cc(c2[nH]1)C(F)(F)F)C(F)(F)F,10000.0
NCC(=O)NCc1nc2cc(cc(c2[nH]1)C(F)(F)F)C(F)(F)F,10000.0
NCC(=O)NCc1nc2cc(cc(c2[nH]1)C(F)(F)F)C(F)(F)F,10000.0
NCc1nc2cc(cc(c2[nH]1)C(F)(F)F)C(F)(F)F,10000.0
NCc1nc2cc(cc(c2[nH]1)C(F)(F)F)C(F)(F)F,10000.0
NCC(=O)NCc1nc2cc(Cl)c(Cl)cc2[nH]1,10000.0
NCC(=O)NCc1nc2cc(Cl)c(Cl)cc2[nH]1,10000.0
NCc1nc2cc(Cl)c(Cl)cc2[nH]1,10000.0
NCc1nc2cc(Cl)c(Cl)cc2[nH]1,10000.0
NCCCC(=O)N1CC(Cc2nc3c(cc(cc3[nH]2)C(F)(F)F)C(F)(F)F)C1,10000.0
NCCCC(=O)N1CC(Cc2nc3c(cc(cc3[nH]2)C(F)(F)F)C(F)(F)F)C1,10000.0
NCCCc1nc2cc(cc(c2[nH]1)C(F)(F)F)C(F)(F)F,10000.0
NCCCc1nc2cc(cc(c2[nH]1)C(F)(F)F)C(F)(F)F,10000.0
Cc1c(c(nn1C1CC2(C1)CN(C2)C(=O)C=C)-c1ccc2n(C)ncc2c1)-c1c(Cl)c(C)cc2[nH]ncc12,10000.0
NCCc1nc2cc(cc(c2[nH]1)C(F)(F)F)C(F)(F)F,10000.0
NCCc1nc2cc(cc(c2[nH]1)C(F)(F)F)C(F)(F)F,10000.0
FC(F)(F)COc1ccc(cc1)-c1ccc2nc(Cc3cncnc3)[nH]c2c1,10000.0
FC(F)(F)COc1ccc(cc1)-c1ccc2nc(Cc3cncnc3)[nH]c2c1,10000.0
Fc1ccc(cc1Cl)-c1ccc2nc(Cc3cncnc3)[nH]c2c1,10000.0
Fc1ccc(cc1Cl)-c1ccc2nc(Cc3cncnc3)[nH]c2c1,10000.0
CC(=O)NCc1nc2cc(cc(c2[nH]1)C(F)(F)F)C(F)(F)F,10000.0
CC(=O)NCc1nc2cc(cc(c2[nH]1)C(F)(F)F)C(F)(F)F,10000.0
CNCC(=O)N(C)Cc1nc2cc(cc(c2[nH]1)C(F)(F)F)C(F)(F)F,10000.0
CNCC(=O)N(C)Cc1nc2cc(cc(c2[nH]1)C(F)(F)F)C(F)(F)F,10000.0
CN(Cc1nc2cc(cc(c2[nH]1)C(F)(F)F)C(F)(F)F)C(=O)CN,10000.0
CN(Cc1nc2cc(cc(c2[nH]1)C(F)(F)F)C(F)(F)F)C(=O)CN,10000.0
CNCc1nc2cc(cc(c2[nH]1)C(F)(F)F)C(F)(F)F,10000.0
CNCc1nc2cc(cc(c2[nH]1)C(F)(F)F)C(F)(F)F,10000.0
NCC(=O)NCc1nc2cc(c(cc2[nH]1)C(F)(F)F)C(F)(F)F,10000.0
NCC(=O)NCc1nc2cc(c(cc2[nH]1)C(F)(F)F)C(F)(F)F,10000.0
NCc1nc2cc(c(cc2[nH]1)C(F)(F)F)C(F)(F)F,10000.0
NCc1nc2cc(c(cc2[nH]1)C(F)(F)F)C(F)(F)F,10000.0
CC(C)(CN)C(=O)NCc1nc2cc(cc(c2[nH]1)C(F)(F)F)C(F)(F)F,10000.0
CC(C)(CN)C(=O)NCc1nc2cc(cc(c2[nH]1)C(F)(F)F)C(F)(F)F,10000.0
CC(C)(N)C(=O)NCc1nc2cc(cc(c2[nH]1)C(F)(F)F)C(F)(F)F,10000.0
CC(C)(N)C(=O)NCc1nc2cc(cc(c2[nH]1)C(F)(F)F)C(F)(F)F,10000.0
COC[C@@H](N)C(=O)NCC(=O)N(C)Cc1nc2c(cc(cc2[nH]1)C(F)(F)F)C(F)(F)F,10000.0
COC[C@@H](N)C(=O)NCC(=O)N(C)Cc1nc2c(cc(cc2[nH]1)C(F)(F)F)C(F)(F)F,10000.0
CN(Cc1nc2cc(cc(c2[nH]1)C(F)(F)F)C(F)(F)F)S(C)(=O)=O,10000.0
CN(Cc1nc2cc(cc(c2[nH]1)C(F)(F)F)C(F)(F)F)S(C)(=O)=O,10000.0
CN(Cc1nc2cc(cc(c2[nH]1)C(F)(F)F)C(F)(F)F)S(N)(=O)=O,10000.0
CN(Cc1nc2cc(cc(c2[nH]1)C(F)(F)F)C(F)(F)F)S(N)(=O)=O,10000.0
FC(F)(F)c1cc(c2nc([nH]c2c1)[C@H]1CCCN1)C(F)(F)F,10000.0
FC(F)(F)c1cc(c2nc([nH]c2c1)[C@H]1CCCN1)C(F)(F)F,10000.0
FC(F)(F)c1cc(c2nc([nH]c2c1)[C@@H]1CCCN1)C(F)(F)F,10000.0
FC(F)(F)c1cc(c2nc([nH]c2c1)[C@@H]1CCCN1)C(F)(F)F,10000.0
CN(Cc1nc2cc(cc(c2[nH]1)C(F)(F)F)C(F)(F)F)C(N)=O,10000.0
CN(Cc1nc2cc(cc(c2[nH]1)C(F)(F)F)C(F)(F)F)C(N)=O,10000.0
CN(C)Cc1nc2cc(cc(c2[nH]1)C(F)(F)F)C(F)(F)F,10000.0
CN(C)Cc1nc2cc(cc(c2[nH]1)C(F)(F)F)C(F)(F)F,10000.0
CS(=O)(=O)Cc1nc2c(cc(cc2[nH]1)C(F)(F)F)C(F)(F)F,10000.0
CS(=O)(=O)Cc1nc2c(cc(cc2[nH]1)C(F)(F)F)C(F)(F)F,10000.0
COCCc1nc2c(cc(cc2[nH]1)C(F)(F)F)C(F)(F)F,10000.0
COCCc1nc2c(cc(cc2[nH]1)C(F)(F)F)C(F)(F)F,10000.0
COCc1nc2c(cc(cc2[nH]1)C(F)(F)F)C(F)(F)F,10000.0
COCc1nc2c(cc(cc2[nH]1)C(F)(F)F)C(F)(F)F,10000.0
CC(C)(C)C(=O)NCc1nc2cc(cc(c2[nH]1)C(F)(F)F)C(F)(F)F,10000.0
CC(C)(C)C(=O)NCc1nc2cc(cc(c2[nH]1)C(F)(F)F)C(F)(F)F,10000.0
FC(F)(F)c1cc(c2[nH]c(Cc3cncnc3)nc2c1)C(F)(F)F,10000.0
FC(F)(F)c1cc(c2[nH]c(Cc3cncnc3)nc2c1)C(F)(F)F,10000.0
Clc1cc(Cl)c2nc(CN3CCNCC3=O)[nH]c2c1,10000.0
Clc1cc(Cl)c2nc(CN3CCNCC3=O)[nH]c2c1,10000.0
CC1(C)NCCN(Cc2nc3c(cc(cc3[nH]2)C(F)(F)F)C(F)(F)F)C1=O,10000.0
CC1(C)NCCN(Cc2nc3c(cc(cc3[nH]2)C(F)(F)F)C(F)(F)F)C1=O,10000.0
FC(F)(F)c1cc(c2[nH]c(CN3CCNCC3=O)nc2c1)C(F)(F)F,10000.0
FC(F)(F)c1cc(c2[nH]c(CN3CCNCC3=O)nc2c1)C(F)(F)F,10000.0
FC(F)(F)c1ccc2[nH]c(CN3CCNCC3=O)nc2c1,10000.0
FC(F)(F)c1ccc2[nH]c(CN3CCNCC3=O)nc2c1,10000.0
Clc1cc2nc(CN3CCNCC3=O)[nH]c2cc1Cl,10000.0
Clc1cc2nc(CN3CCNCC3=O)[nH]c2cc1Cl,10000.0
FC(F)(F)c1cc(c2[nH]c(Cc3ccncc3)nc2c1)C(F)(F)F,10000.0
FC(F)(F)c1cc(c2[nH]c(Cc3ccncc3)nc2c1)C(F)(F)F,10000.0
FC(F)(F)c1cc(c2[nH]c(Cc3cccnc3)nc2c1)C(F)(F)F,10000.0
FC(F)(F)c1cc(c2[nH]c(Cc3cccnc3)nc2c1)C(F)(F)F,10000.0
CC(C)(O)Cn1c(CC2CCNCC2)nc2cc(Cl)c(Cl)cc12,10000.0
CC(C)(O)Cn1c(CC2CCNCC2)nc2cc(Cl)c(Cl)cc12,10000.0
CC(C)(C)NC(=O)Cn1c(CC2CCNCC2)nc2cc(Cl)c(Cl)cc12,10000.0
CC(C)(C)NC(=O)Cn1c(CC2CCNCC2)nc2cc(Cl)c(Cl)cc12,10000.0
Clc1cc2nc(CCN3CCNCC3=O)[nH]c2cc1Cl,10000.0
Clc1cc2nc(CCN3CCNCC3=O)[nH]c2cc1Cl,10000.0
FC(F)(F)c1ccc(NC(=O)CC2CCNCC2)nn1,10000.0
FC(F)(F)c1ccc(NC(=O)CC2CCNCC2)nn1,10000.0
Cn1nc(cc1NC(=O)CN1CCNCC1=O)C(F)(F)F,10000.0
Cn1nc(cc1NC(=O)CN1CCNCC1=O)C(F)(F)F,10000.0
Cc1nc(ccc1NC(=O)CN1CCNCC1=O)C(F)(F)F,10000.0
Cc1nc(ccc1NC(=O)CN1CCNCC1=O)C(F)(F)F,10000.0
FC(F)(F)c1ccc(NC(=O)CN2CCNCC2=O)nc1,10000.0
FC(F)(F)c1ccc(NC(=O)CN2CCNCC2=O)nc1,10000.0
FC(F)(F)c1ccnc(NC(=O)CN2CCNCC2=O)c1,10000.0
FC(F)(F)c1ccnc(NC(=O)CN2CCNCC2=O)c1,10000.0
C[C@H](NC(=O)c1cc(nn1C)C(F)(F)F)c1nc(no1)-c1ccnc(c1)C(F)(F)F,10700.0
COCCOC(=O)C1=C(C)NC(C)=C(C1c1cccc(c1)[N+]([O-])=O)C(=O)OC\C=C\c1ccccc1,12700.0
COCCOC(=O)C1=C(C)NC(C)=C(C1c1cccc(c1)[N+]([O-])=O)C(=O)OC\C=C\c1ccccc1,5300.0
C[C@]1(CN2Cc3nc(sc3C2)-c2ccc(F)cc2)CN=C(N)O1,13300.0
C[C@]1(CN2Cc3nc(sc3C2)-c2ccc(F)cc2)Cn2cc(nc2O1)[N+]([O-])=O,13300.0
COC(=O)C1=C(C)NC(C)=C(C1c1cccc(c1)[N+]([O-])=O)C(=O)O[C@@H]1CCCN(Cc2ccccc2)C1,13800.0
COC(=O)C1=C(C)NC(C)=C(C1c1cccc(c1)[N+]([O-])=O)C(=O)O[C@@H]1CCCN(Cc2ccccc2)C1,4900.0
CCOC(=O)C1=C(C)NC(C)=C(C1c1ccc(OCCCCCN2CCCC2)cc1)C(=O)OCC,15000.0
CCOc1cc(ccc1-c1nc(n2ccnc(N)c12)C12CCC(CC1)(CC2)C(O)=O)C(=O)Nc1cc(ccn1)C(F)(F)F,15000.0
CCOc1cc(CN2CCC3(CN(C(=O)C3)c3ccc(cc3)C(O)=O)CC2)cc(OCC)c1-c1ccc(F)cc1,15000.0
CCCc1nc(C)c2n1[nH]c(nc2=O)-c1cc(ccc1OCC)S(=O)(=O)N1CCN(CC)CC1,15849.0
CCCc1nc(C)c2n1[nH]c(nc2=O)-c1cc(ccc1OCC)S(=O)(=O)N1CCN(CC)CC1,251189.0
OC(CNCC(O)C1CCc2cc(F)ccc2O1)C1CCc2cc(F)ccc2O1,15849.0
COc1cc(F)c(cc1-c1ccc(F)cc1[C@@H]1CC[C@H]2[C@H](OC(=O)N12)c1cc(cc(c1)C(F)(F)F)C(F)(F)F)-c1ccc(cc1C)C(O)=O,16000.0
CCOC(=O)C1=C(C)NC(C)=C(C1c1ccc(OCCCN2CCCC2)c(OCC)c1)C(=O)OCC,16000.0
CCOC(=O)N1CC\C(C1)=C/C#Cc1cccc(C)n1,16230.0
CCOC(=O)N1CC\C(C1)=C/C#Cc1cccc(C)n1,16230.0
COc1cc(F)c(cc1-c1ccc(cc1[C@@H]1CC[C@H]2[C@H](OC(=O)N12)c1cc(cc(c1)C(F)(F)F)C(F)(F)F)C(F)(F)F)-c1ccc(cc1C)C(O)=O,17000.0
COc1ccc(cc1-c1cnc(cc1[C@@H]1CC[C@H]2[C@H](OC(=O)N12)c1cc(cc(c1)C(F)(F)F)C(F)(F)F)N(C)C)-c1ccc(cc1C)C(O)=O,17000.0
CNC(=O)c1c(oc2cc(N(C)S(C)(=O)=O)c(cc12)-c1ccc2CCn3c(cc4c(F)cccc34)-c2n1)-c1ccc(F)cc1,18000.0
CNC(=O)c1c(oc2cc(N(C)S(C)(=O)=O)c(cc12)-c1ccc2ccn3c(cc4c(F)cccc34)c2n1)-c1ccc(F)cc1,18000.0
C[C@@]1(CC[C@](C)(C1)c1nc(-c2ccc(cc2)C(=O)Nc2cc(ccn2)C(F)(F)F)c2c(N)nccn12)C(O)=O,19000.0
CCOC(=O)C1=C(C)NC(C)=C(C1c1ccc(OCCCCCN2CCCCC2)cc1)C(=O)OCC,21000.0
OC1=NC(=O)C(N1)(c1ccccc1)c1ccccc1,21900.0
OC1=NC(=O)C(N1)(c1ccccc1)c1ccccc1,125000.0
Cn1cc(cn1)-c1cc(nc2cc(CN3CCO[C@H](C3)C(F)(F)F)ccc12)C(N)=O,22000.0
CNC(=O)c1c(oc2cc(N(C)S(C)(=O)=O)c(cc12)-c1ccc2ncn3c(cc4c(F)cccc34)c2n1)-c1ccc(F)cc1,22000.0
OCCNCCNc1ccc(NCCNCCO)c2C(=O)c3c(O)ccc(O)c3C(=O)c12,22500.0
CCNC(=N)NC(=O)Nc1c(CC)cc(cc1CC)C(=O)NCc1ccccc1,22500.0
COc1ccc(CCN(C)CCCC(C#N)(C(C)C)c2ccc(OC)c(OC)c2)cc1OC,23500.0
COc1ccc(CCN(C)CCCC(C#N)(C(C)C)c2ccc(OC)c(OC)c2)cc1OC,24000.0
COc1ccc(CCN(C)CCCC(C#N)(C(C)C)c2ccc(OC)c(OC)c2)cc1OC,47000.0
COc1ccc(CCN(C)CCCC(C#N)(C(C)C)c2ccc(OC)c(OC)c2)cc1OC,50000.0
COc1ccc(CCN(C)CCCC(C#N)(C(C)C)c2ccc(OC)c(OC)c2)cc1OC,150.0
COc1ccc(CCN(C)CCCC(C#N)(C(C)C)c2ccc(OC)c(OC)c2)cc1OC,200.0
CCOC(=O)C1=C(C)NC(C)=C(C1c1ccc(OCCCN2CCCCC2)c(OCC)c1)C(=O)OCC,24000.0
COC(=O)C1=C(C)NC(C)=C(C1c1cccc(c1)[N+]([O-])=O)C(=O)OCCN(C)Cc1ccccc1,24100.0
COC(=O)C1=C(C)NC(C)=C(C1c1cccc(c1)[N+]([O-])=O)C(=O)OCCN(C)Cc1ccccc1,250.0
COC(=O)C1=C(C)NC(C)=C(C1c1cccc(c1)[N+]([O-])=O)C(=O)OCCN(C)Cc1ccccc1,9600.0
CSc1c(C#N)c(=O)c2ccc(F)cc2n1-c1c(Cl)cccc1Cl,24200.0
Cn1cc(Nc2nccc(n2)-c2ccc3[C@@H](CCN(Cc3c2)C2COC2)NC(=O)c2cn(nn2)C(C)(C)C)cn1,25000.0
CCOC(=O)C1=C(C)NC(C)=C(C1c1ccc(OCCCCN2CCCC2)cc1)C(=O)OCC,25000.0
CNCC[C@H](Oc1cccc2ccccc12)c1cccs1,25119.0
CNCC[C@H](Oc1cccc2ccccc12)c1cccs1,100000.0
CNCC[C@H](Oc1cccc2ccccc12)c1cccs1,2800.0
CCOC(=O)C1=C(C)NC(C)=C(C1c1ccc(OCCN2CCCCC2)c(OC)c1)C(=O)OCC,26000.0
C[C@H]1C[C@H](CCO1)N1C(=O)C[C@](C)(NC1=N)c1cccc(Nc2ccc(nc2)C2CC2)c1Cl,27000.0
CCNC1=N[C@H]2[C@H](O[C@H](C)[C@@H](O)[C@@H]2O)S1,30000.0
CCNC1=N[C@H]2[C@H](O[C@H](CF)[C@@H](O)[C@@H]2O)S1,30000.0
CCNC1=N[C@H]2[C@H](O[C@H](CO)[C@@H](O)[C@@H]2OC)S1,30000.0
CCN(C)C1=N[C@H]2[C@H](O[C@H](CO)[C@@H](O)[C@@H]2O)S1,30000.0
C[C@]12CC[C@H]3[C@@H](CC[C@@H]4C[C@](C)(O)CC[C@H]34)[C@@H]1CC[C@@H]2C(=O)Cn1cc(cn1)C#N,30000.0
Cc1c2COC(=O)c2ccc1[C@@H](O)CN1CCC2(CCN(C2=O)c2ccc(=O)n(C)n2)CC1,30000.0
Cc1cc(Nc2nccc(n2)-c2sc(nc2-c2ccc(F)cc2)C2CCNCC2)ccn1,30000.0
Cc1cc(Nc2nccc(n2)-c2sc(nc2-c2ccc(F)cc2)C2CCNCC2)ccn1,30000.0
CNC(=O)c1c(oc2cc(N(C)S(C)(=O)=O)c(cc12)-c1ccc2NCn3c(cc4c(F)cccc34)-c2n1)-c1ccc(F)cc1,30000.0
O[C@@H]([C@H]1CC[C@@H](Cc2ccc(NC(=O)[C@@H]3CCc4nccc(=O)n34)cc2)N1)c1ccccc1,30000.0
C[C@H]([C@H](N)c1nc2ccc(cc2[nH]1)C(C)(C)C)C(N)=O,30000.0
CCNC1=N[C@H]2[C@H](O[C@H](CO)[C@@H](O)[C@@H]2F)S1,30000.0
Cc1c2COC(=O)c2ccc1[C@@H](O)CN1CCN(C[C@H](O)c2ccc3C(=O)OCc3c2C)CC1,30000.0
Cc1c2COC(=O)c2ccc1[C@@H](O)CN1CCN(C[C@H](O)c2ccc3C(=O)OCc3c2C)CC1,30000.0
CN1C(=O)[C@]2(CCCN2C(=O)C2CC2)c2cc(ccc12)-c1ncnc2n(C)c(nc12)-c1cnc(C)nc1,30000.0
CCn1c(nc2c(ncnc12)-c1cnc2NC(=O)[C@@](C)(NCC(C)(C)F)c2c1)-c1cnc(C)nc1,30000.0
CCNC1=N[C@@H]2C[C@H](O)[C@@H](CO)O[C@@H]2S1,30000.0
CC1=C(COC1=O)N1CCC2(CCN(C[C@H](O)c3ccc4C(=O)OCc4c3C)CC2)C1=O,30000.0
CCNC1=N[C@H]2[C@H](O[C@H](CO)C(F)[C@@H]2O)S1,30000.0
CCNC1=N[C@H]2[C@H](O[C@H](COC)[C@@H](O)[C@@H]2O)S1,30000.0
CCNC1=N[C@H]2[C@H](O[C@H](CO)C[C@@H]2O)S1,30000.0
Nc1nccn2c(nc(-c3ccc(cc3)C(=O)Nc3cc(ccn3)C(F)(F)F)c12)[C@@H]1CCC[C@@H](C1)C(O)=O,30000.0
C[C@H](CC[C@](C)(O)C(F)(F)F)[C@H]1CC[C@H]2[C@@H]3CC=C4C[C@@](C)(O)CC[C@]4(C)[C@H]3CC[C@]12C,30000.0
CS(=O)(=O)n1cc2CN(Cc2n1)[C@H]1CO[C@@H]([C@@H](N)C1)c1cc(F)ccc1F,30000.0
CN=C(N)NC(=O)Nc1c(C)cccc1C,30000.0
CCNC(=N)NC(=O)Nc1c(CC)cc(cc1CC)C(=O)NC(C)C,30000.0
CCNC(=N)NC(=O)Nc1c(CC)cc(NS(=O)(=O)c2ccccc2)cc1CC,30000.0
CCNC(=N)NC(=O)Nc1c(CC)cc(cc1CC)S(=O)(=O)NCC,30000.0
CCNC1=N[C@H]2[C@H](O[C@H](CO)[C@@H](OC)[C@@H]2O)S1,30000.0
C[C@@H]1C[C@H]1C(=O)N1CCN(C[C@H]1C)c1cnc(C#N)c(n1)-c1cnn(C)c1,30000.0
COc1ncc(cc1-c1ccc(cc1[C@@H]1CC[C@H]2[C@H](OC(=O)N12)c1cc(cc(c1)C(F)(F)F)C(F)(F)F)C(F)(F)F)-c1ccc(cc1C)C(O)=O,30000.0
OC(=O)CNC(=O)c1c(O)c2COCc2n(Cc2ccc(cc2)C(F)(F)F)c1=O,30000.0
Cc1nnc(CNc2cc(OC[C@H]3C[C@@H]3c3ccc(C)cn3)nc(C)n2)s1,30000.0
CC(C)C[C@H](NC(=O)[C@H](CCCCN)NC(=O)[C@H](CCCCN)NC(=O)[C@H](CCCCN)NC(=O)[C@@H]1CSSC[C@@H]2NC(=O)[C@H](CCCCN)NC(=O)[C@H](CCCNC(N)=N)NC(=O)[C@H](CCC(O)=O)NC(=O)[C@H](CO)NC(=O)[C@H](CC(O)=O)NC(=O)[C@@H]3CSSC[C@H](NC(=O)[C@@H](NC(=O)[C@H](CC(C)C)NC(=O)CNC(=O)[C@H](CCC(O)=O)NC(=O)[C@H](CSSC[C@H](NC(=O)[C@@H](N)Cc4ccc(O)cc4)C(=O)N[C@@H](CCC(N)=O)C(=O)N[C@@H](CCCCN)C(=O)N[C@@H](Cc4ccccc4)C(=O)N[C@@H](CC(C)C)C(=O)N[C@@H](C)C(=O)N4CCC[C@H]4C(=O)N3)NC2=O)C(C)C)C(=O)N[C@@H](CCCNC(N)=N)C(=O)N[C@@H](CC(C)C)C(=O)N[C@@H](Cc2c[nH]c3ccccc23)C(=O)N1)C(=O)N[C@@H](Cc1c[nH]c2ccccc12)C(N)=O,30000.0
CC(C)C[C@H](NC(=O)[C@H](CCCCN)NC(=O)[C@H](CCCCN)NC(=O)[C@H](CCCCN)NC(=O)[C@@H]1CSSC[C@@H]2NC(=O)[C@H](CCCCN)NC(=O)[C@H](CCCNC(N)=N)NC(=O)[C@H](CCC(O)=O)NC(=O)[C@H](CO)NC(=O)[C@H](CC(O)=O)NC(=O)[C@@H]3CSSC[C@H](NC(=O)[C@H](CCC(O)=O)NC(=O)[C@H](CC(C)C)NC(=O)CNC(=O)[C@H](CCC(O)=O)NC(=O)[C@H](CSSC[C@H](NC(C)=O)C(=O)N[C@@H](CCC(N)=O)C(=O)N[C@@H](CCCCN)C(=O)N[C@@H](Cc4ccccc4)C(=O)N[C@@H](CC(C)C)C(=O)N[C@@H](CCC(O)=O)C(=O)N4CCC[C@H]4C(=O)N3)NC2=O)C(=O)N[C@@H](CCCCN)C(=O)N[C@@H](CC(C)C)C(=O)N[C@@H](Cc2c[nH]c3ccccc23)C(=O)N1)C(=O)N[C@@H](Cc1c[nH]c2ccccc12)C(N)=O,30000.0
CC(CC(O)=O)c1cccc(n1)-n1c(cc2ccc(OC(F)(F)F)cc12)C(N)=O,33000.0
CCCN(CCC)[C@@H]([C@H](N(CCC)C[C@H](O)CO)c1ccccn1)c1ccccn1,33000.0
NC(=O)c1ccc(Cc2ccccc2)cc1-c1cccc(CCC(O)=O)c1,33300.0
COc1ccsc1CNCC[C@]1(CCOC2(CCCC2)C1)c1ccccn1,36000.0
CCC(=O)C(CC(C)N(C)C)(c1ccccc1)c1ccccc1,37400.0
OC[C@H](O)COc1ncc(Cl)c2n(c(CO)cc(=O)c12)-c1c(Cl)cccc1Cl,50000.0
CCn1c(nc2c(N[C@H]3CCN(C3)C(=O)C3CC3)ncnc12)-c1cnc(C)nc1,50000.0
Cc1cc(=O)c2c(F)cncc2n1-c1c(Cl)cc(cc1Cl)C#N,50000.0
OC[C@@H](O)COc1ncc(Cl)c2n(c(CO)cc(=O)c12)-c1c(Cl)cccc1Cl,50000.0
Cn1nc(cc1COc1cccc(c1)[C@@H](NC(=O)O[C@H]1CN2CCC1CC2)c1ccccc1)C(=O)OCCCCNC[C@H](O)c1ccc(O)c2[nH]c(=O)ccc12,50000.0
Nc1ccn([C@@H]2CS[C@H](CO)O2)c(=O)n1,54200.0
CCC1C2CC3C4N(C)c5ccccc5C44CC(C2[C@H]4O)N3C1O,71000.0
CN(C[C@H]1Cc2c(CN1)cccc2N1CCNCC1)[C@H]1CCCc2cccnc12,80000.0
C[C@H]1CN(C[C@@H](C)N1)c1c(F)c(N)c2c(c1F)n(cc(C(O)=O)c2=O)C1CC1,88800.0
O=C1CCc2cc(OCCCCc3nnnn3C3CCCCC3)ccc2N1,91200.0
C[C@H](N)[C@@H]1CCN(C1)c1c(F)cc2c3oc(C)nc3c(=O)n(C3CC3)c2c1Cl,93600.0
C(C[C@]1(CCOC2(CCCC2)C1)c1ccccn1)NCc1cccs1,100000.0
OC1(O)[C@H](CN2C(=N)N[C@@H](CN3C(=O)CCC3=O)[C@@H]3NC(=N)N[C@]123)NC(=O)c1cccc2CCCCc12,100000.0
OCCCCNC[C@H](O)c1ccc(O)c2[nH]c(=O)ccc12,100000.0
COc1cc([C@@H](C)C(=O)N2CC[C@]3(C2)COc2cc(c(C)nc2N3)-c2ncccn2)c(F)cn1,100000.0
Cn1nc(cc1COc1cccc(c1)[C@@H](NC(=O)O[C@H]1CN2CCC1CC2)c1ccccc1)C(O)=O,100000.0
COCC(=O)O[C@]1(CCN(C)CCCc2nc3ccccc3[nH]2)CCc2cc(F)ccc2[C@@H]1C(C)C,108000.0
COCC(=O)O[C@]1(CCN(C)CCCc2nc3ccccc3[nH]2)CCc2cc(F)ccc2[C@@H]1C(C)C,288000.0
CO\N=C(/C(=O)N[C@H]1[C@H]2SCC(CSc3nc(=O)c(O)nn3C)=C(N2C1=O)C(O)=O)c1csc(N)n1,153800.0
COc1c(N2C[C@@H]3CCCN[C@@H]3C2)c(F)cc2c1n(cc(C(O)=O)c2=O)C1CC1,168900.0
COc1c(N2C[C@@H]3CCCN[C@@H]3C2)c(F)cc2c1n(cc(C(O)=O)c2=O)C1CC1,173000.0
COc1c(N2C[C@@H]3CCCN[C@@H]3C2)c(F)cc2c1n(cc(C(O)=O)c2=O)C1CC1,398107.0
Cc1ncc(n1CCO)[N+]([O-])=O,177900.0
Cc1nnc(o1)C(=O)NC(C)(C)c1nc(C(=O)NCc2ccc(F)cc2)c(O)c(=O)n1C,246700.0
CCN(CC)CCNC(=O)c1ccc(N)cc1,389500.0
O=C1N(C[C@H]2CCCc3cccc1c23)[C@@H]1CN2CCC1CC2,398107.0
CC(C)Cn1c2[nH]cnc2c(=O)n(C)c1=O,466000.0
Cc1c(N2CC[C@H](C2)C2(N)CC2)c(F)cc2cc(C(O)=O)c(=O)n(C3CC3)c12,500000.0
C[C@H](N)[C@@H]1CCN(C1)c1c(F)cc2cc(C(O)=O)c(=O)n3[C@@H](C)COc1c23,500000.0
C[C@H]1COc2c(N3CC[C@H](C3)C3(N)CC3)c(F)cc3cc(C(O)=O)c(=O)n1c23,500000.0
NC(=O)c1ncn(n1)[C@@H]1O[C@H](CO)[C@@H](O)[C@H]1O,622500.0
Cc1cn([C@@H]2C[C@@H](O)[C@H](CO)O2)c(=O)[nH]c1=O,713900.0
OC(=O)c1ccc(cc1)-n1nc(nc1-c1ccccc1O)-c1ccccc1O,1000000.0
COc1ccc(CCN(C)CCCC(C#N)(C(C)C)c2cc(OC)c(OC)c(OC)c2)cc1OC,17.0
CCOC(=O)C1=C(C)NC(C)=C(C1c1cccc(c1)[N+]([O-])=O)C(=O)OC,30.0
C[C@]12CC[C@H]3[C@@H](CCC4=CC(=O)CC[C@]34C)[C@@H]1CC[C@@H]2O,34.0
C[C@]12CC[C@H]3[C@@H](CCC4=CC(=O)CC[C@]34C)[C@@H]1CC[C@@H]2O,38.0
COC(=O)C1C(C(C(=O)OC)=C(C)N=C1C)c1ccccc1[N+]([O-])=O,60.0
COCCOC(=O)C1=C(C)NC(C)=C(C1c1cccc(c1)[N+]([O-])=O)C(=O)OC(C)C,110.0
CNCC[C@](O)([C@H](c1ccccc1)c1cc2cc(Br)ccc2nc1OC)c1cccc2ccccc12,750.0
CCNCCc1c(nn(c1-c1ccccc1)-c1ccccc1)C(=O)NCc1ccccc1OCC(F)(F)F,860.0
CC(C)COCC(CN(Cc1ccccc1)c1ccccc1)N1CCCC1,1000.0
CC(C)COCC(CN(Cc1ccccc1)c1ccccc1)N1CCCC1,1400.0
CCc1cc(CC(=O)Nc2ccn(Cc3ccc(cn3)C#N)n2)ccc1OCC(F)(F)F,1100.0
CCOC(=O)C1=C(COCCN)NC(C)=C(C1c1ccccc1Cl)C(=O)OC,1200.0
CCOC(=O)C1=C(COCCN)NC(C)=C(C1c1ccccc1Cl)C(=O)OC,4200.0
COC(=O)C1=C(C)NC(C)=C([C@H]1c1cccc(c1)[N+]([O-])=O)C(=O)O[C@H]1CCN(Cc2ccccc2)C1,1200.0
COC(=O)C1=C(C)NC(C)=C([C@H]1c1cccc(c1)[N+]([O-])=O)C(=O)O[C@H]1CCN(Cc2ccccc2)C1,3100.0
Cc1cc(CC(=O)Nc2ccn(Cc3ccc(cn3)C#N)n2)ccc1OC(F)(F)F,1480.0
CCOC(=O)C1=C(C)NC(C)=C(C1c1ccc(OCCN2CCCCCC2)c(Br)c1)C(=O)OCC,1500.0
COc1cc(Br)c(C[N+]2(CCOCCC3CCC4CC3C4(C)C)CCOCC2)cc1OC,1750.0
CC(C)(C)NC(=O)[C@@H]1C[C@@H]2CCCC[C@@H]2CN1C[C@@H](O)[C@H](Cc1ccccc1)NC(=O)[C@H](CC(N)=O)NC(=O)c1ccc2ccccc2n1,1900.0
CCCCN(CCCC)CCC(O)c1cc2c(Cl)cc(Cl)cc2c2cc(ccc12)C(F)(F)F,1900.0
C[C@@H](O)[C@@H]1[C@H]2[C@@H](C)C(S[C@@H]3CN[C@H](CNS(N)(=O)=O)C3)=C(N2C1=O)C(O)=O,1995.0
Cc1cc(CC(=O)Nc2ccn(Cc3ccc(cn3)C#N)n2)ccc1OCCC(F)(F)F,2080.0
FC(F)(F)C1(CC1)c1ccc(CC(=O)Nc2ccn(Cc3ccc(cn3)C#N)n2)cc1,2410.0
CC(C)(C)c1ccc(CC(=O)Nc2ccn(Cc3ccc(cn3)C#N)n2)cc1,2420.0
CC1(CCC1)NC(=O)CN1CC(Cc2nc3c(cc(cc3[nH]2)C(F)(F)F)C(F)(F)F)C1,2580.0
CC1(CCC1)NC(=O)CN1CC(Cc2nc3c(cc(cc3[nH]2)C(F)(F)F)C(F)(F)F)C1,3900.0
CC(C)OCc1ccccc1CNC(=O)c1c2CCC(C)(C)Cc2c(Cl)n1C,2730.0
Clc1cccc(CC(=O)Nc2ccn(Cc3ccccc3)n2)c1,2800.0
CCOC(=O)C1=C(C)NC(C)=C(C1c1ccc(OCCN2CCCCC2)c(Br)c1)C(=O)OCC,2800.0
CCOC(=O)C1=C(C)NC(C)=C(C1c1ccc(OCCN2CCCCC2)c(Cl)c1)C(=O)OCC,2900.0
CC(C)C[C@H](CN)Cc1nc2c(cc(cc2[nH]1)C(F)(F)F)C(F)(F)F,2990.0
CC(C)C[C@H](CN)Cc1nc2c(cc(cc2[nH]1)C(F)(F)F)C(F)(F)F,10000.0
CNCC[C@](O)([C@H](c1ccccc1)c1ccc(nc1OC)-c1ccc(Cl)cc1)c1cccc2ccccc12,3000.0
Cc1cc(CC(=O)Nc2ccn(Cc3ccc(cn3)C#N)n2)ccc1OCC(F)(F)F,3310.0
CC(C)(C)NC(=O)CN1CC(Cc2nc3c(cc(cc3[nH]2)C(F)(F)F)C(F)(F)F)C1,3560.0
CC(C)(C)NC(=O)CN1CC(Cc2nc3c(cc(cc3[nH]2)C(F)(F)F)C(F)(F)F)C1,6120.0
CCOC(=O)C1=C(C)NC(C)=C(C1c1ccc(OCCN2CCCCCC2)c(Cl)c1)C(=O)OCC,4000.0
COc1ccc(cc1-c1ccc(cc1[C@@H]1CC[C@H]2[C@H](OC(=O)N12)c1cc(cc(c1)C(F)(F)F)C(F)(F)F)C(F)(F)F)[C@H]1C[C@@H](C1)C(O)=O,4000.0
FC(F)(F)c1cc(c2nc(CC3CNC3)[nH]c2c1)C(F)(F)F,4240.0
FC(F)(F)c1cc(c2nc(CC3CNC3)[nH]c2c1)C(F)(F)F,10000.0
FC(F)(F)c1cc2nc(CC3CNC3)[nH]c2cc1C(F)(F)F,4300.0
FC(F)(F)c1cc2nc(CC3CNC3)[nH]c2cc1C(F)(F)F,10000.0
O=C(O[C@H]1CN2CCC1CC2)N1CCc2ccccc2[C@@H]1c1ccccc1,4300.0
O=C(O[C@H]1CN2CCC1CC2)N1CCc2ccccc2[C@@H]1c1ccccc1,6310.0
C[C@H]1CC[C@H](CN1C(=O)C1CC1)c1nc(-c2ccc(cc2F)C(=O)Nc2cc(ccn2)C(F)(F)F)c2c(N)nccn12,4500.0
CC(CC(c1ccccc1)c1ccccc1)NC(C)(C)C,4800.0
C[C@H]1CN(C[C@H](Cc2ccccc2)C(=O)NCC(O)=O)CC[C@@]1(C)c1cccc(O)c1,5012.0
COc1ccc(c(F)c1)-c1cc(nc2cc(CCc3cnc(C)nc3)ccc12)C(N)=O,5100.0
FC(F)(F)Cc1nc2c(cc(cc2[nH]1)C(F)(F)F)C(F)(F)F,5300.0
FC(F)(F)Cc1nc2c(cc(cc2[nH]1)C(F)(F)F)C(F)(F)F,7500.0
COC(=O)C(CCC(=O)N(C)CCCc1nc2ccccc2[nH]1)(C(C)C)c1ccc(Br)cc1,5420.0
COC(=O)C(CCC(=O)N1CCN(CC1)c1ccccc1OC)(C(C)C)c1ccc(Br)cc1,5900.0
CC(C)(C)CC(=O)NCc1nc2cc(cc(c2[nH]1)C(F)(F)F)C(F)(F)F,6000.0
CC(C)(C)CC(=O)NCc1nc2cc(cc(c2[nH]1)C(F)(F)F)C(F)(F)F,6500.0
CC(C)C[C@H](CN)CC(=O)NCc1nc2cc(cc(c2[nH]1)C(F)(F)F)C(F)(F)F,6400.0
CC(C)C[C@H](CN)CC(=O)NCc1nc2cc(cc(c2[nH]1)C(F)(F)F)C(F)(F)F,8400.0
COc1ncc(cc1-c1ncc(cc1[C@@H]1CC[C@H]2[C@H](OC(=O)N12)c1cc(cc(c1)C(F)(F)F)C(F)(F)F)C(F)(F)F)-c1ccc(cc1C)C(O)=O,7000.0
COc1ccc(CCC(O)=O)cc1-c1ccc(cc1[C@@H]1CC[C@H]2[C@H](OC(=O)N12)c1cc(cc(c1)C(F)(F)F)C(F)(F)F)C(F)(F)F,7000.0
COc1ccc(cc1-c1ccc(cc1[C@@H]1CC[C@H]2[C@H](OC(=O)N12)c1cc(cc(c1)C(F)(F)F)C(F)(F)F)C(F)(F)F)[C@H]1C[C@H](O)[C@H](O)C1,7000.0
Cc1cc(cnc1C(=O)Nc1ccc(F)c(n1)[C@]1(C)CS(=O)(=O)[C@@](C)(C(F)F)C(=N)N1)C#N,7059.0
CN(C)c1ccc(CC(=O)Nc2ccn(Cc3ccc(F)c(F)c3)n2)cc1,7100.0
CC(C)(C)NC(=O)NCc1nc2cc(cc(c2[nH]1)C(F)(F)F)C(F)(F)F,8100.0
CC(C)(C)NC(=O)NCc1nc2cc(cc(c2[nH]1)C(F)(F)F)C(F)(F)F,10000.0
CC(C)(C)OC(=O)NCc1nc2c(cc(cc2[nH]1)C(F)(F)F)C(F)(F)F,8120.0
CC(C)(C)OC(=O)NCc1nc2c(cc(cc2[nH]1)C(F)(F)F)C(F)(F)F,10000.0
CN(Cc1nc2cc(cc(c2[nH]1)C(F)(F)F)C(F)(F)F)C(=O)OC(C)(C)C,8300.0
CN(Cc1nc2cc(cc(c2[nH]1)C(F)(F)F)C(F)(F)F)C(=O)OC(C)(C)C,10000.0
CCNC(=N)NC(=O)Nc1c(CC)cccc1CC,8350.0
CC(C)(N)Cc1nc2cc(cc(c2[nH]1)C(F)(F)F)C(F)(F)F,9160.0
CC(C)(N)Cc1nc2cc(cc(c2[nH]1)C(F)(F)F)C(F)(F)F,10000.0
CN(Cc1nc2cc(cc(c2[nH]1)C(F)(F)F)C(F)(F)F)C(=O)CNC(C)(C)C,9900.0
CN(Cc1nc2cc(cc(c2[nH]1)C(F)(F)F)C(F)(F)F)C(=O)CNC(C)(C)C,10000.0
CC1(C)NCCN(CC(=O)Nc2ccc(cn2)C(F)(F)F)C1=O,10000.0
CC1(C)NCCN(CC(=O)Nc2ccc(cn2)C(F)(F)F)C1=O,10000.0
FC(F)(F)C(NC(=O)CC1CCNCC1)c1ccccn1,10000.0
FC(F)(F)C(NC(=O)CC1CCNCC1)c1ccccn1,10000.0
FC(F)(F)C(NC(=O)CN1CCNCC1=O)c1ccccn1,10000.0
FC(F)(F)C(NC(=O)CN1CCNCC1=O)c1ccccn1,10000.0
CC1(C)NCCN(CC(=O)NC(c2ccccn2)C(F)(F)F)C1=O,10000.0
CC1(C)NCCN(CC(=O)NC(c2ccccn2)C(F)(F)F)C1=O,10000.0
CC(C)(O)Cn1c(CN2CCNCC2=O)nc2c(cc(cc12)C(F)(F)F)C(F)(F)F,10000.0
CC(C)(O)Cn1c(CN2CCNCC2=O)nc2c(cc(cc12)C(F)(F)F)C(F)(F)F,10000.0
FC(F)(F)c1cc(c2[nH]c(CCN3CCNCC3=O)nc2c1)C(F)(F)F,10000.0
FC(F)(F)c1cc(c2[nH]c(CCN3CCNCC3=O)nc2c1)C(F)(F)F,10000.0
CC(C)(C)NC(=O)Cn1c(CN2CCNCC2=O)nc2c(cc(cc12)C(F)(F)F)C(F)(F)F,10000.0
CC(C)(C)NC(=O)Cn1c(CN2CCNCC2=O)nc2c(cc(cc12)C(F)(F)F)C(F)(F)F,10000.0
CC(C)(C)NC(=O)Cn1c(CN2CCNCC2=O)nc2cc(Cl)c(Cl)cc12,10000.0
CC(C)(C)NC(=O)Cn1c(CN2CCNCC2=O)nc2cc(Cl)c(Cl)cc12,10000.0
CC(C)(O)Cn1c(CN2CCNC(C)(C)C2=O)cc2cc(Cl)c(Cl)cc12,10000.0
CC(C)(O)Cn1c(CN2CCNC(C)(C)C2=O)cc2cc(Cl)c(Cl)cc12,10000.0
CC(C)(O)Cn1c(CC2CCNCC2)nc2c(cc(cc12)C(F)(F)F)C(F)(F)F,10000.0
CC(C)(O)Cn1c(CC2CCNCC2)nc2c(cc(cc12)C(F)(F)F)C(F)(F)F,10000.0
FC(F)(F)c1cc(c2[nH]c(CC3CCNCC3)nc2c1)C(F)(F)F,10000.0
FC(F)(F)c1cc(c2[nH]c(CC3CCNCC3)nc2c1)C(F)(F)F,10000.0
CC(C)(C)NC(=O)Cn1c(CN2CCNC(C)(C)C2=O)nc2cc(Cl)c(Cl)cc12,10000.0
CC(C)(C)NC(=O)Cn1c(CN2CCNC(C)(C)C2=O)nc2cc(Cl)c(Cl)cc12,10000.0
OC(=O)c1ccc(cc1)N1CC2(CCN(Cc3cc(Cl)c(c(c3)C3CC3)-c3ccc(F)cc3F)CC2)OC1=O,10000.0
CC(C)(O)Cn1c(CN2CCNCC2=O)nc2cc(c(cc12)C(F)(F)F)C(F)(F)F,10000.0
CC(C)(O)Cn1c(CN2CCNCC2=O)nc2cc(c(cc12)C(F)(F)F)C(F)(F)F,10000.0
CC(C)(O)Cn1c(CN2CCNCC2=O)nc2c(Cl)cc(Cl)cc12,10000.0
CC(C)(O)Cn1c(CN2CCNCC2=O)nc2c(Cl)cc(Cl)cc12,10000.0
CC(C)(O)Cn1c(CN2CCNCC2=O)nc2cc(Cl)c(Cl)cc12,10000.0
CC(C)(O)Cn1c(CN2CCNCC2=O)nc2cc(Cl)c(Cl)cc12,10000.0
OC(=O)c1ccc(cc1)N1CC2(CCN(Cc3cc(ccc3C3CC3)C(F)(F)F)CC2)OC1=O,10000.0
CC(C)n1cc(CN2CCC3(CN(C(=O)C3)c3ccc(cc3)C(O)=O)CC2)c2c(cccc12)C1CC1,10000.0
CC1(C)CCOc2c(Cl)cc(CN3CCC4(CN(C(=O)C4)c4ccc(cc4)C(O)=O)CC3)cc12,10000.0
OC(=O)C[C@]1(CC(F)(F)F)CCc2cc(ccc2C1=O)-c1cnc(NC(=O)Nc2ccc(F)c(F)c2)cn1,10000.0
OC[C@]1(O)CN(C[C@@H]1S(=O)(=O)c1ccc(Cl)cc1)S(=O)(=O)c1ccc(cc1Cl)C#N,10000.0
FC(F)(F)c1cnc(Nc2cnc(cn2)C#N)cc1NC[C@H]1CNCCO1,10000.0
CO\C(O)=C1\C(C(C(=O)OCC(C)C)=C(C)N=C1C)c1cccc(OC)c1,2.3
CCOC(=O)N1C(C(C(=O)OC(C)C)=C(C)NC1=O)c1cccc(c1)[N+]([O-])=O,2.6
CCO\C(O)=C1\C(N(C(=O)OCC)C(=S)N=C1C)c1cccc(c1Cl)[N+]([O-])=O,2.7
CO\C(O)=C1\C(C(C(=O)OCC(C)C)=C(C)N=C1C)c1ccc(Cl)cc1,2.8
CCO\C(O)=C1\C(N(C(=O)OCC)C(=S)N=C1C)c1ccccc1[N+]([O-])=O,3.1
CCO\C(O)=C1\C(N(C(=O)OC)C(=S)N=C1C)c1cccc(c1)[N+]([O-])=O,3.6
CCOC(=O)C1=C(C)NC(SCC)=C(C1c1cccc(c1)[N+]([O-])=O)C(=O)OCC,4.0
CCOC(=O)C1=C(C)N=C(S)N(C1c1cccc(c1)[N+]([O-])=O)S(=O)(=O)c1ccccc1,5.2
CCO\C(O)=C1\C(N(C(=O)c2ccc(OC)cc2)C(=S)N=C1C)c1cccc(c1)[N+]([O-])=O,11.0
CCO\C(O)=C1\C(N(C(=O)OC(C)C)C(=S)N=C1C)c1cccc(c1)[N+]([O-])=O,14.0
CCO\C(O)=C1\C(N(C(=O)OCC)C(=S)N=C1C)c1ccccc1Cl,17.0
CCO\C(O)=C1\C(N(C(=O)OCC)C(=S)N=C1C)c1cccc(c1)[N+]([O-])=O,17.0
Cc1cccnc1CN1CCC2(CC1)N(C(=O)N(C2=O)c1ccc(cc1)-c1ccccc1)c1ccc(=O)[nH]n1,10000.0
Cc1cccnc1CN1CCC2(CC1)N(C(=O)N(C2=O)c1ccc(cc1)-c1ccccc1)c1cc(O)ccn1,10000.0
Fc1ccc(cc1)C1CC(=NN1C(=O)Nc1ccccc1)c1ccc(Br)cc1,10000.0
Fc1ccc(cc1)C1CC(=NN1C(=O)c1ccccc1)c1ccc(Br)cc1,10000.0
CS(=O)(=O)c1ccc(cc1)-c1cnc(N)c(c1)-c1ccc(nc1)C(F)(F)F,10000.0
COCC1(CC(=NN1C(=O)Nc1ccc(F)cc1)c1ccccc1)c1ccc(C)cc1,10000.0
CCc1ccc(NC(=O)N2N=C(CC2c2ccc(F)cc2)c2ccc(Br)cc2)cc1,10000.0
Fc1ccc(NC(=S)N2N=C(CC2c2ccc(F)cc2)c2ccc(Br)cc2)cc1,10000.0
CC1=NN(C(C1)c1ccc(F)cc1)C(=O)Nc1ccc(F)cc1,10000.0
Fc1ccc(NC(=O)N2N=C(CC2c2ccc(F)cc2)c2ccccc2)cc1,10000.0
[O-][n+]1ccc(cc1)C1=NN(C(C1)c1ccc(F)cc1)C(=O)Nc1ccc(F)cc1,10000.0
CS(=O)(=O)c1ccc(cc1)C1CC(=NN1C(=O)Nc1ccc(F)cc1)c1ccncc1,10000.0
COc1ccc(NC(=O)N2N=C(CC2c2ccc(F)cc2)c2ccc(Br)cc2)cc1,10000.0
CS(=O)(=O)c1ccc(cc1)C1CC(=NN1C(=O)Nc1ccc(F)cc1)c1ccccc1,10000.0
Fc1ccc(NC(=O)N2N=C(CC2c2ccc(F)cc2)c2ccc(Br)cc2)cc1,10000.0
CS(=O)(=O)c1ccc(cc1)C1(CCO)CC(=NN1C(=O)Nc1ccc(F)cc1)c1ccccc1,10000.0
Cn1cc(nn1)C1CCN(CC1)C(=O)NC1CC1c1ccccc1,11000.0
CCOC(=O)N1CCC(CC1)=C1c2ccc(Cl)cc2CCc2cccnc12,11400.0
CN(C)CCC=C1c2ccccc2CCc2ccccc12,11600.0
COC1CN(CCCOc2ccc(F)cc2)CCC1NC(=O)c1cc(Cl)c(N)cc1OC,11800.0
O=C(NC1CC1c1ccccc1)N1CCC(CC1)c1nc2ccccc2o1,12000.0
Cc1cc(cc(C)c1OCCCC(O)=O)-c1cc(OC(F)(F)F)ccc1Cl,12840.0
O[C@@H]([C@H]1CC[C@@H](Cc2ccc(NC(=O)Cn3cnc4ccccc4c3=O)cc2)N1)c1ccccc1,13000.0
C[C@@]1(CCC[C@](C)(C1)c1nc(-c2ccc(cc2)C(=O)Nc2cc(ccn2)C(F)(F)F)c2c(N)nccn12)C(O)=O,13000.0
CC(C)(C)CCN1CC[C@H](CNC(=O)c2cc(Cl)cc(Cl)c2)[C@H](F)C1,14900.0
C[C@]1(CC[C@@](C)(CC1)c1nc(-c2ccc(cc2)C(=O)Nc2cc(ccn2)C(F)(F)F)c2c(N)nccn12)C(O)=O,15000.0
FC(F)(F)c1ccc(NC(=O)N2CCC(CC2)c2nc(no2)-c2ccccn2)cc1,15000.0
OC(=O)CCc1cc2cc(ccc2o1)-c1cc(OC(F)(F)F)ccc1F,15090.0
COc1ccc(cc1)S(=O)(=O)Nc1c(C)cc(C)cc1C,15849.0
O=C(NC1CC1c1ccccc1)N1CCC(CC1)c1nc(no1)-c1cccnc1,19000.0
COc1ccc2nccc([C@H](O)[C@H]3C[C@@H]4CCN3C[C@@H]4C=C)c2c1,19820.0
COc1ccc2nccc([C@H](O)[C@H]3C[C@@H]4CCN3C[C@@H]4C=C)c2c1,13110.0
C[C@]1(CNC2(CCCC2)C(=O)N1CC(=O)Nc1cnc2C[C@]3(Cc2c1)C(=O)Nc1ncccc31)c1cc(F)cc(F)c1,20000.0
O=C(N[C@H]1C[C@@H]1c1ccccc1)N1CCC2(CC1)CCc1ncccc1O2,20000.0
Cc1cccc(Nc2ccc(cc2)-c2ccc(nc2)N2CCNCC2)n1,20000.0
Cc1cccnc1CN1CCC2(CC1)N(C(=O)N(C2=O)c1ccc(cc1)-c1ccc(cc1C)C(O)=O)c1cnccn1,20000.0
Cc1cccnc1CN1CCC2(CC1)N(C(=O)N(C2=O)c1ccc(cc1)-c1ccc(cc1C)C(O)=O)c1ccncn1,20000.0
Cc1nccn1-c1ccc(cc1)-c1cn(CC(=O)Nc2cccc(Cl)c2Cl)nn1,21000.0
CC(C)NCC(O)COc1cccc2ccccc12,21000.0
CC[C@H](CO)Nc1nc(NCc2ccccc2)c2ncn(C(C)C)c2n1,23400.0
CC(C)N(CC[C@H](c1ccccc1)c1cc(C)ccc1O)C(C)C,25118.93
CC#CC(CC(O)=O)c1ccc(Oc2ccc(cc2OC(F)F)C(F)(F)F)cc1F,25600.0
Cn1nccc1Nc1ccc2OC3(CCN(CC3)C(=O)N[C@H]3C[C@@H]3c3ccccc3)CC(=O)c2c1,26000.0
CN(CCOc1ccc(NS(C)(=O)=O)cc1)CCc1ccc(NS(C)(=O)=O)cc1,92594.66
CN(CCOc1ccc(NS(C)(=O)=O)cc1)CCc1ccc(NS(C)(=O)=O)cc1,109244.66
CN(CCOc1ccc(NS(C)(=O)=O)cc1)CCc1ccc(NS(C)(=O)=O)cc1,158489.16
CN(CCOc1ccc(NS(C)(=O)=O)cc1)CCc1ccc(NS(C)(=O)=O)cc1,590744.66
FC(F)(F)COc1ccc(OCC(F)(F)F)c(c1)C(=O)NCC1CCCCN1,27100.0
Cn1nccc1-c1ccc2OC3(CCN(CC3)C(=O)N[C@H]3C[C@@H]3c3ccccc3)CC(=O)c2c1,28000.0
CO[C@H]1C[C@@H](C1)Oc1cc(F)c(F)c(n1)-c1ccc2O[C@@H](CCC(O)=O)CCc2c1,28000.0
OC(=O)c1ccc(cc1)-c1noc(n1)C1CCN(CC1)C(=O)NC1CC1c1ccccc1,30000.0
C[C@@H](NC(=O)Cc1ccc(cc1)C1CC1)c1ccc(OCC(F)(F)F)cn1,30000.0
Cc1noc(n1)C1CCN(CC1)C(=O)NC1CC1c1ccccc1,30000.0
O[C@@H]([C@H]1CC[C@@H](Cc2ccc(NC(=O)[C@@H]3CCc4ccnn34)cc2)N1)c1cccnc1,30000.0
Fc1cncc(c1)-c1nc2cc(F)c(F)cc2n1C1CC1,30000.0
O[C@@H]([C@H]1CC[C@@H](Cc2ccc(NC(=O)[C@@H]3CCc4scnc34)cc2)N1)c1cccnc1,30000.0
O[C@@H]([C@H]1CC[C@@H](Cc2ccc(NC(=O)Cn3cccnc3=O)cc2)N1)c1ccccc1,30000.0
O[C@@H]([C@H]1CC[C@@H](Cc2ccc(NC(=O)Cn3ccccc3=O)cc2)N1)c1ccccc1,30000.0
O[C@@H]([C@H]1CC[C@@H](Cc2ccc(NC(=O)Cn3ncccc3=O)cc2)N1)c1ccccc1,30000.0
O[C@@H]([C@H]1CC[C@@H](Cc2ccc(NC(=O)Cn3cnccc3=O)cc2)N1)c1ccccc1,30000.0
Cc1cn(cn1)-c1ccc(cc1F)-c1cn(CC(=O)Nc2cccc(Cl)c2Cl)nn1,30000.0
COc1ccc(CCN2[C@@H](CN(NS(C)(=O)=O)C2=O)c2ccc(OC)cc2)cc1,30000.0
O[C@@H]([C@H]1CC[C@@H](Cc2ccc(NC(=O)[C@@H]3CCc4cccc(=O)n34)cc2)N1)c1ccccc1,30000.0
C[C@@H](C(=O)Nc1ccc(C[C@@H]2CC[C@@H](N2)[C@H](O)c2ccccc2)cc1)n1ncccc1=O,30000.0
O=C(N[C@@H]1C[C@H]1c1ccccc1)N1CCC(CC1)c1nc(no1)-c1ccccn1,30000.0
O=C(N[C@@H]1C[C@H]1c1ccccc1)N1CCC(CC1)c1nc(no1)-c1ccccn1,30000.0
O=C(N[C@@H]1C[C@H]1c1ccccc1)N1CCC(CC1)c1nc(no1)-c1ccccn1,30000.0
C[C@@H](C(=O)Nc1ccc(C[C@@H]2CC[C@@H](N2)[C@H](O)c2cccnc2)cc1)n1ncccc1=O,30000.0
C1C(C2=NCCN2)C1(c1ccccc1)c1ccccc1,30000.0
CCNC1=N[C@H]2[C@H](O[C@H](CO)[C@@H](O)[C@@H]2O)S1,30000.0
O=C(NC1CC1c1ccccc1)N1CCC(CC1)c1nc(no1)-c1cnccn1,30000.0
O=C(NC1CCc2ccccc2CC1)N1CCC(CC1)c1nc(no1)-c1ccccn1,30000.0
CS(=O)(=O)c1ccc2OC3(CCc2c1)CCCN(CC3)C(=O)N[C@H]1C[C@@H]1c1ccccc1,30000.0
O=C(NC1CC1c1ccccc1)N1CCC(CC1)c1nc(no1)-c1ccncc1,30000.0
O=C(NC1CC1c1ccccc1)N1CCC(CC1)c1nc(no1)-c1ncccn1,30000.0
Cc1nnc2CCc3cc(ccc3-n12)-c1cncc(c1)[C@@](C)(O)C(F)(F)F,30000.0
O=C(N[C@H]1C[C@@H]1c1ccccc1)N1CCC2(CC1)CC(=O)c1ncccc1O2,30000.0
CCn1cc(cn1)[C@]1(N[C@H](Cc2c1[nH]c1ccccc21)c1nc(c[nH]1)-c1ccc(F)cn1)c1nn(C)c(=O)o1,30000.0
O=C(NC1CCc2ccccc2C1)N1CCC(CC1)c1nc(no1)-c1ccccn1,30000.0
Cn1cnnc1C1CCN(CC1)C(=O)NC1CC1c1ccccc1,30000.0
O=C(NC1CC1c1ccccc1)N1CCC(CC1)n1ccnn1,30000.0
O=C(NC1CC1c1ccccc1)N1CCC(CC1)n1cccn1,30000.0
Cc1c(ccc(F)c1C#N)[C@@H]1CN2CCN(C[C@H]2CO1)C(=O)Cc1ccc(cn1)-n1cnnn1,30000.0
CN1CCN(CC1)c1ccc(cc1C(F)(F)F)-c1ccc2CNCCc2c1,30000.0
O=C(NC1CC1c1ccccc1)N1CCC(CC1)n1cncn1,30000.0
Cc1nccn1-c1ccc(cn1)-c1cn(CC(=O)Nc2cccc(Cl)c2Cl)nn1,30000.0
COCCCn1cc(CN(C2CC2)C(=O)[C@H]2CNCC[C@@H]2c2ccn(C)c(=O)c2)c2ccccc12,30000.0
Cc1c(o[nH]c1=O)C1CCN(CC1)C(=O)NC1CC1c1ccccc1,30000.0
O=C(NC1CC1c1ccccc1)N1CCC(CC1)c1ncon1,30000.0
OC(=O)CCCOc1ccc(cc1)-c1cc(OC(F)(F)F)ccc1Cl,30000.0
CC#CC(CC(O)=O)c1ccc(Oc2ccc(cc2OC(F)F)C(F)(F)F)cc1,30000.0
CS(=O)(=O)c1ccc(cc1)-c1noc(n1)C1CCN(CC1)C(=O)NC1CC1c1ccccc1,30000.0
O=C(NC1CC1c1ccccc1)N1CCC(CC1)c1nnco1,30000.0
C[C@@H]1CN(CCN1c1ncc(OCc2ccc(CS(C)(=O)=O)cc2F)cn1)c1nc(no1)C(F)(F)F,30000.0
CN1c2ccc(Cl)cc2C(=NCC1=O)c1ccccc1,30500.0
CC(C)(C)NC(=O)NCCN1CCC(CO)(CNC(=O)c2cc(Cl)cc(Cl)c2)CC1,31600.0
CCN(CC)CCNC(=O)c1c(C)[nH]c(\C=C2/C(=O)Nc3ccc(F)cc23)c1C,56416.41
CCN(CC)CCNC(=O)c1c(C)[nH]c(\C=C2/C(=O)Nc3ccc(F)cc23)c1C,79432.91
CCN(CC)CCNC(=O)c1c(C)[nH]c(\C=C2/C(=O)Nc3ccc(F)cc23)c1C,139479.41
Cc1nc2CCCCn2c(=O)c1CCN1CCC(CC1)c1noc2cc(F)ccc12,79600.0
Cc1nc2CCCCn2c(=O)c1CCN1CCC(CC1)c1noc2cc(F)ccc12,125000.0
COc1cc2CC(CC3CCN(Cc4ccccc4)CC3)C(=O)c2cc1OC,34300.0
COc1ccc(cc1)[C@@H]1Sc2ccccc2N(CCN(C)C)C(=O)[C@@H]1OC(C)=O,44000.0
COc1ccc(cc1)[C@@H]1Sc2ccccc2N(CCN(C)C)C(=O)[C@@H]1OC(C)=O,22225.0
COc1ccc(cc1)[C@@H]1Sc2ccccc2N(CCN(C)C)C(=O)[C@@H]1OC(C)=O,22380.0
C[C@]12CC[C@H]3[C@@H](CCc4cc(O)ccc34)[C@@H]1CC[C@@H]2O,50000.0
COC[C@@H](NC(C)=O)C(=O)NCc1ccccc1,50118.86
CCCCCCCN(CC)CCCC(O)c1ccc(NS(C)(=O)=O)cc1,62500.0
Cc1nc(Nc2ncc(s2)C(=O)Nc2c(C)cccc2Cl)cc(n1)N1CCN(CCO)CC1,81100.0
Cc1nc(Nc2ncc(s2)C(=O)Nc2c(C)cccc2Cl)cc(n1)N1CCN(CCO)CC1,251189.0
Cc1nc(Nc2ncc(s2)C(=O)Nc2c(C)cccc2Cl)cc(n1)N1CCN(CCO)CC1,398107.0
COc1ccc2ncc(=O)n(CCN3CCC(CC3)NCc3ccc4OCC(=O)Nc4n3)c2c1,92000.0
CCCc1nn(C)c2c1nc([nH]c2=O)-c1cc(ccc1OCC)S(=O)(=O)N1CCN(C)CC1,100000.0
CC(N)COc1c(C)cccc1C,100000.0
CC(=O)NC[C@H]1CN(C(=O)O1)c1ccc(N2CCOCC2)c(F)c1,105400.0
N[C@@H](CC(=O)N1CCn2c(C1)nnc2C(F)(F)F)Cc1cc(F)c(F)cc1F,147100.0
N[C@@H](CC(=O)N1CCn2c(C1)nnc2C(F)(F)F)Cc1cc(F)c(F)cc1F,100000000.0
CC(C)NCC(O)c1ccc(NS(C)(=O)=O)cc1,608150.0
CC(C)NCC(O)c1ccc(NS(C)(=O)=O)cc1,1023000.0
Cc1nc2C(O)CCCn2c(=O)c1CCN1CCC(CC1)c1noc2cc(F)ccc12,296003.585
Cc1nc2C(O)CCCn2c(=O)c1CCN1CCC(CC1)c1noc2cc(F)ccc12,398107.085
Cc1nc2C(O)CCCn2c(=O)c1CCN1CCC(CC1)c1noc2cc(F)ccc12,699053.585
COc1cc2nc(nc(N)c2cc1OC)N(C)CCCNC(=O)C1CCCO1,199526.115
Cc1cn(cn1)-c1cc(NC(=O)c2ccc(C)c(Nc3nccc(n3)-c3cccnc3)c2)cc(c1)C(F)(F)F,199526.115
Cc1cn(cn1)-c1cc(NC(=O)c2ccc(C)c(Nc3nccc(n3)-c3cccnc3)c2)cc(c1)C(F)(F)F,1680902.115
Cc1cn(cn1)-c1cc(NC(=O)c2ccc(C)c(Nc3nccc(n3)-c3cccnc3)c2)cc(c1)C(F)(F)F,102113.115
CCCC(C)C1(CC)C(=O)NC(=O)NC1=O,299000.0
N[C@@H](Cn1c2cc(F)ccc2ncc1=O)[C@H]1CC[C@@H](CC1)NCc1ncc2OCC(=O)Nc2n1,333000.0
COc1cnc2ccc(=O)n(C[C@H](N)[C@H]3CC[C@@H](CC3)NCc3ccc4OCC(=O)Nc4n3)c2c1,333000.0
CN1CC(=O)N2[C@H](Cc3c([nH]c4ccccc34)[C@H]2c2ccc3OCOc3c2)C1=O,398107.085
C[C@@H](c1ncncc1F)[C@](O)(Cn1cncn1)c1ccc(F)cc1F,414200.0
C[C@H](Cc1cc2CCN(CCCO)c2c(c1)C(N)=O)NCCOc1ccccc1OCC(F)(F)F,794328.115
CC(C)N(CCC(C(N)=O)(c1ccccc1)c1ccccn1)C(C)C,1036700.0
CCN1CCN(C(=O)N[C@@H](C(=O)N[C@H]2[C@H]3SC(C)(C)[C@@H](N3C2=O)C(O)=O)c2ccccc2)C(=O)C1=O,1226000.0
Nc1nnc(c(N)n1)-c1cccc(Cl)c1Cl,1421909.095
Nc1nnc(c(N)n1)-c1cccc(Cl)c1Cl,1584893.095
NC(=O)C([C@@H]1CCN(CCc2ccc3OCCc3c2)C1)(c1ccccc1)c1ccccc1,1584893.095
CC(C)CN(C[C@@H](O)[C@H](Cc1ccccc1)NC(=O)O[C@H]1CO[C@H]2OCC[C@@H]12)S(=O)(=O)c1ccc(N)cc1,1584893.095
FC(F)(F)C(Cl)Br,1800000.0
FC(F)(F)C(Cl)Br,8150000.0
CS(=O)(=O)CCNCc1ccc(o1)-c1ccc2ncnc(Nc3ccc(OCc4cccc(F)c4)c(Cl)c3)c2c1,1995262.155
CS(=O)(=O)CCNCc1ccc(o1)-c1ccc2ncnc(Nc3ccc(OCc4cccc(F)c4)c(Cl)c3)c2c1,8922097.155
COC([C@H](Oc1nc(C)cc(C)n1)C(O)=O)(c1ccccc1)c1ccccc1,2511886.215
CCO\C(O)=C1\C(N(C(=O)OCC)C(=S)N=C1C)c1ccccc1C(F)(F)F,26.0
CCOC(=O)C1=C(C)NC(OCC)=C(C1c1cccc(c1)[N+]([O-])=O)C(=O)OCC,26.0
CCCN1C(C(C(=O)OCC)=C(C)N=C1S)c1cccc(c1)[N+]([O-])=O,50.0
CC(C)OC(=O)C1=C(C)NC(C)=C(C1c1cccc2nonc12)C(=O)OCCCCCCCCCC[N+](C)(C)C,70.0
CCO\C(O)=C1\C(N(C(=O)OCC)C(=S)N=C1C)c1cccc(Cl)c1,88.0
CCOC(=O)C1=C(C)NC(C)=C(C#N)[C@@H]1c1cnccc1-c1ccc2ccccc2c1,100.0
CCOC(=O)N1C(\C(=C(/O)OC)C(C)=NC1=S)c1cccc(c1)[N+]([O-])=O,100.0
CCOC(=O)C1C(N=C(SC)N=C1C)c1cccc(c1)[N+]([O-])=O,130.0
CCOC(=O)N1C(C(C(=O)OCC)=C(C)NC1=O)c1cccc(c1)[N+]([O-])=O,140.0
CN(CCCc1nc2ccccc2[nH]1)CC[C@]1(C[C@@H]2CC[C@H]1c1ccccc21)OC(=O)C1CC1,140.0
CC(C)[C@H]1c2ccc(F)cc2[C@@H](C[C@@]1(CCN(C)CCCc1nc2ccccc2[nH]1)OC(=O)C(C)C)OCc1ccccc1,156.0
COCC(=O)O[C@]1(CCN(C)CCCc2nc3ccccc3[nH]2)CCc2cc(F)ccc2[C@@H]1C(C)C,54078.0
COCC(=O)O[C@]1(CCN(C)CCCc2nc3ccccc3[nH]2)CCc2cc(F)ccc2[C@@H]1C(C)C,54101.0
COCC(=O)O[C@]1(CCN(C)CCCc2nc3ccccc3[nH]2)CCc2cc(F)ccc2[C@@H]1C(C)C,54125.0
COCC(=O)O[C@]1(CCN(C)CCCc2nc3ccccc3[nH]2)CCc2cc(F)ccc2[C@@H]1C(C)C,54255.0
CCOC(=O)N1C(C(C(=O)OCC)=C(C)N=C1N)c1cccc(c1)[N+]([O-])=O,160.0
Fc1ccc(cc1)C(CCCN1CCC(CC1)n1c2ccccc2[nH]c1=O)c1ccc(F)cc1,162.0
Fc1ccc(cc1)C(CCCN1CCC(CC1)n1c2ccccc2[nH]c1=O)c1ccc(F)cc1,240.0
CCCC[C@@H]1C[C@@](CCN(C)CCCc2nc3ccccc3[nH]2)(OC(=O)COC)[C@@H](C(C)C)c2ccc(F)cc12,173.0
CC(C)[C@H]1c2ccc(F)cc2[C@H](C[C@@]1(CCN(C)CCCc1nc2ccccc2[nH]1)OC(=O)C(C)C)OCc1ccccc1,225.0
CCOC(=O)C1=C(C)NC(C)=C(C#N)[C@@H]1c1cnccc1-c1ccccc1,250.0
COc1ccc(CCN(C)C2CCCC(C2)C(C#N)(C(C)C)c2ccc(OC)c(OC)c2)cc1OC,325.0
CCCCc1oc2ccccc2c1C(=O)c1cc(I)c(OCCN(CC)CC)c(I)c1,270.0
CCCCc1oc2ccccc2c1C(=O)c1cc(I)c(OCCN(CC)CC)c(I)c1,1900.0
CCOC(=O)C1=C(C)NC(C)=C(C#N)[C@@H]1c1cnccc1-c1cccc2ccccc12,270.0
CCO\C(O)=C1\C(N(C(=O)N(C)C)C(=S)N=C1C)c1cccc(c1)[N+]([O-])=O,270.0
CCO\C(O)=C1\C(N(C(=O)OCC)C(=S)N=C1C)c1cccc(c1)C(F)(F)F,280.0
Fc1ccc(cc1)C(CCCN1CCC(CC1)NC(=O)OCCc1ccc(cc1)C#N)c1ccc(F)cc1,284.0
CC(C)[C@H]1c2ccc(F)cc2CC[C@@]1(CCN(C)CCCc1nc2ccccc2[nH]1)OC(=O)C(C)C,347.0
COc1cccc2nc(CCCN(C)CC[C@@]3(C[C@H]4CCC[C@@H]3c3ccccc43)OC(=O)C(C)C)[nH]c12,387.0
CO[C@H]1C[C@@](CCN(C)CCCc2nc3ccccc3[nH]2)(OC(=O)C(C)C)[C@@H](C(C)C)c2ccc(F)cc12,403.0
CC(C)C(=O)O[C@@]1(CCN(C)CCCc2nc3ccccc3[nH]2)C[C@H]2CC[C@@H]1c1ccccc21,424.0
CC(C)[C@H]1c2ccc(F)cc2[C@@H](O)C[C@@]1(CCN(C)CCCc1nc2ccccc2[nH]1)OC(=O)C(C)C,426.0
COCC(=O)O[C@]1(CCN(C)CCCc2nc3ccccc3[nH]2)CC(C)(C)c2cc(F)ccc2[C@@H]1C(C)C,434.0
CC(C)C(=O)O[C@@]1(CCN(C)CCCc2nc3ccccc3[nH]2)C[C@H]2CCC[C@@H]1c1ccccc21,455.0
CC(C)[C@H]1c2ccc(F)cc2[C@H](O)C[C@@]1(CCN(C)CCCc1nc2ccccc2[nH]1)OC(=O)C(C)C,504.0
COc1ccc(CCNC2CCCC(C2)C(C#N)(C(C)C)c2ccc(OC)c(OC)c2)cc1OC,540.0
O=C1NCN(c2ccccc2)C11CCN(Cc2cccc(Oc3ccccc3)c2)CC1,552.0
N[C@H](COCc1cc(cc(c1)C(F)(F)F)C(F)(F)F)c1ccccc1,580.0
CO[C@@H]1C[C@@](CCN(C)CCCc2nc3ccccc3[nH]2)(OC(=O)C(C)C)[C@@H](C(C)C)c2ccc(F)cc12,588.0
Clc1ccccc1C(c1ccccc1)(c1ccccc1)n1ccnc1,590.0
CC(C)C(=O)O[C@]1(CCN(C)CCCc2nc3ccccc3[nH]2)C[C@@H]2CCC[C@H]1c1ccccc21,648.0
CC(C)C(=O)O[C@]1(CCN(C)CCCc2nc3ccccc3[nH]2)C[C@@H]2CCC[C@H]1c1ccccc21,648.0
CC(C)C(=O)O[C@]1(CCN(C)CCCc2nc3ccccc3[nH]2)C[C@@H]2CC[C@H]1c1ccccc21,699.0
CC(C)C(=O)O[C@]1(CCN(C)CCCc2nc3ccccc3[nH]2)C[C@@H]2CC[C@H]1c1ccccc21,699.0
CCOC(=O)C1=C(C)N=C(NC1c1cccc(c1)[N+]([O-])=O)OC,710.0
COCC(=O)O[C@]1(CCN(C)CCCc2nc3ccccc3[nH]2)C[C@@H]2CC[C@H]1c1ccccc21,748.0
CCOc1ccc(CCNC(=O)N2CCN(CCCC(c3ccc(F)cc3)c3ccc(F)cc3)CC2)cc1,860.0
CC(C)(C)c1ccc(cc1)C(O)CCCN1CCC(CC1)C(O)(c1ccccc1)c1ccccc1,1125.0
CC(C)(C)c1ccc(cc1)C(O)CCCN1CCC(CC1)C(O)(c1ccccc1)c1ccccc1,1320.0
COc1ccc(CCN2CCC(CC2)Nc2nc3ccccc3n2Cc2ccc(F)cc2)cc1,1100.0
Clc1cc2OCOc2cc1CN1CCC2(CC1)N(CNC2=O)c1ccccc1,1110.0
OC1(CCN(CCCC(=O)c2ccc(F)cc2)CC1)c1ccc(Cl)cc1,1300.0
OC1(CCN(CCCC(=O)c2ccc(F)cc2)CC1)c1ccc(Cl)cc1,1700.0
CSc1ccc2Sc3ccccc3N(CCC3CCCCN3C)c2c1,1320.0
CSc1ccc2Sc3ccccc3N(CCC3CCCCN3C)c2c1,2410.0
Cc1ccc(CN2CCC(CC2)n2c3ccccc3[nH]c2=O)c(Cl)c1,1340.0
Fc1ccc(cc1)C1CC(=NN1C(=O)NC1CCCCC1)c1ccc(Br)cc1,1340.0
CSCC[C@@H]1NC(=O)CNC(=O)[C@H](CCC(O)=O)NC(=O)[C@@H]2CSSC[C@H](NC(=O)[C@@H](N)Cc3ccc(O)cc3)C(=O)N[C@@H](CCC(N)=O)C(=O)N[C@@H](CCCCN)C(=O)N[C@@H](Cc3c[nH]c4ccccc34)C(=O)N[C@@H](CCSC)C(=O)N[C@@H](Cc3c[nH]c4ccccc34)C(=O)N[C@@H]([C@@H](C)O)C(=O)N[C@H]3CSSC[C@H](NC(=O)[C@@H](NC1=O)C(C)C)C(=O)N[C@@H](CCCNC(N)=N)C(=O)N[C@@H](CC(C)C)C(=O)N[C@@H](Cc1c[nH]c4ccccc14)C(=O)N[C@@H](CSSC[C@H](NC(=O)[C@H](CCCCN)NC(=O)[C@H](CCCNC(N)=N)NC(=O)[C@H](CCC(O)=O)NC(=O)[C@H](CO)NC(=O)[C@H](CC(O)=O)NC3=O)C(=O)N2)C(=O)N[C@@H](CCCCN)C(=O)N[C@@H](CCCCN)C(=O)N[C@@H](CCCCN)C(=O)N[C@@H](CC(C)C)C(=O)N[C@@H](Cc1c[nH]c2ccccc12)C(N)=O,1400.0
CCOC(=O)N1[C@H](\C(=C(/O)OC(C)C)C(C)=NC1=S)c1cccc(c1)[N+]([O-])=O,1500.0
O[C@@H](CNCCc1ccc(NS(=O)(=O)c2ccc(cc2)-c2nc(cs2)-c2ccc(cc2)C(F)(F)F)cc1)c1cccnc1,1700.0
Cc1ccc2[nH]c(=O)n(C3CCN(Cc4cc5OCOc5cc4Cl)CC3)c2c1,1710.0
Fc1ccc(cc1)C(CCCN1CCN(CC1)C(=O)OCCc1ccc(cc1)C#N)c1ccc(F)cc1,1720.0
CC(C)N1c2ccccc2CC[C@H](NC(=O)[C@@H](Cc2ccccc2OC(F)(F)F)NC(=O)OC(C)(C)C)C1=O,1725.0
Fc1ccc(cc1)C1CC(=NN1C(=O)NCCc1ccccc1)c1ccc(Br)cc1,1880.0
OCCC1(CC(=NN1C(=O)Nc1ccc(F)cc1)c1ccccc1)c1ccccc1,1940.0
FC(F)(F)c1ccccc1-c1noc(n1)C1CCN(CC1)C(=O)NC1CC1c1ccccc1,2000.0
Fc1ccc(cc1)C1CC(=NN1C(=O)Nc1ccccn1)c1ccc(Br)cc1,2180.0
CN(C)CCC1(CC(=NN1C(=O)Nc1ccc(F)cc1)c1ccccc1)c1ccc(C)cc1,2200.0
NC(=O)CN[C@H](COCc1cc(cc(c1)C(F)(F)F)C(F)(F)F)c1ccccc1,2300.0
Fc1ccc(cc1)C(CCCN1CCN(CC1)C(=O)CCCc1ccccc1)c1ccc(F)cc1,2350.0
CC(C)NC(=O)N1N=C(CC1c1ccc(F)cc1)c1ccc(Br)cc1,2360.0
OCC1(CC(=NN1C(=O)Nc1ccc(F)cc1)c1ccccc1)c1ccc(F)cc1,2650.0
CO[C@]1(CCN(C)CCCc2nc3ccccc3[nH]2)C[C@@H]2CC[C@H]1c1ccccc21,2670.0
Fc1ccc(CCOC(=O)N2CCN(CCCC(c3ccc(F)cc3)c3ccc(F)cc3)CC2)cc1,2730.0
O=C(NC1CC1c1ccccc1)N1CCC(CC1)c1nc(no1)-c1nccc2ccccc12,3000.0
Fc1ccc(cc1)C1CC(=NN1C(=O)Nc1ccncc1)c1ccccc1,3090.0
CCCN(C1CCN(Cc2c(OC)cccc2OC)CC1)S(=O)(=O)c1cccc(c1)C(F)(F)F,3200.0
CN(C)CCCN1c2ccccc2Sc2ccc(Cl)cc12,3400.0
CC(C)N1c2ccccc2CC[C@@H](NC(=O)[C@@H](Cc2ccccc2OC(F)(F)F)NC(=O)OC(C)(C)C)C1=O,3500.0
CN1CCN(CC1)C1=Nc2cc(Cl)ccc2Nc2ccccc12,3600.0
CN1CCN(CCC2(CC(=NN2C(=O)Nc2ccc(F)cc2)c2ccccc2)c2ccc(C)cc2)CC1,3600.0
Fc1ccc(cc1)[C@@H]1CCNC[C@H]1COc1ccc2OCOc2c1,3900.0
CC1CC(=NN1C(=O)Nc1ccc(F)cc1)c1ccccc1,3900.0
Fc1ccc(CCC(=O)N2CCN(CCCC(c3ccc(F)cc3)c3ccc(F)cc3)CC2)cc1,4300.0
C[C@H](NC(=O)c1c(CN2CCC(CC2)N2CCCCC2)c(nc2ccccc12)-c1cccc(c1)C(F)(F)F)c1ccccc1,4500.0
CC(C)C(=O)O[C@]1(CCN(C)CCCc2nc3ccccc3[nH]2)C[C@@H]2CC[C@H]1c1nccnc21,4600.0
COc1ccc(cc1)[C@]1(CCO)CC(=NN1C(=O)Nc1ccc(Br)cc1)c1cccnc1,4800.0
COc1ccc(CN2CCN(CC2)C(=O)CCn2cc(C)c3ccccc23)cc1OCc1ccccc1,4840.0
CC#C[C@H](c1oc(=O)[nH]c1O)c1ccc(Oc2ccc(cc2OC(F)F)C(F)(F)F)cc1,5100.0
Fc1ccc(NC(=O)N2N=C(C[C@H]2c2ccc(F)cc2)c2ccncc2)cc1,5400.0
Cc1nnc2sc(C(=O)NCc3ccc(cc3)S(=O)(=O)C(F)F)c(N)c2c1C,5700.0
COc1ccc(cc1)C1=NN(C(=O)Nc2ccc(Cl)cc2)[C@@](CCO)(C1)c1cccnc1,5700.0
Cc1ccc(cc1)C1(CCN2CCOCC2)CC(=NN1C(=O)Nc1ccc(F)cc1)c1ccccc1,5900.0
Fc1ccc(cc1)-n1cc(C2CCN(CCN3CCNC3=O)CC2)c2cc(Cl)ccc12,6300.0
Fc1ccc(cc1)-n1cc(C2CCN(CCN3CCNC3=O)CC2)c2cc(Cl)ccc12,8900.0
COCCOc1ccc(cc1)C1(CCO)CC(=NN1C(=O)Nc1ccc(F)cc1)c1ccccc1,6300.0
Fc1ccc(NC(=O)N2N=C(CC2c2ccc(F)cc2)c2ccncc2)cc1,6400.0
O=C(NC1CC1c1ccccc1)N1CCC(CC1)c1nc(no1)-c1ccc2ccccc2n1,6800.0
Fc1ccc(cc1)C(=O)CCCN1CCC(=CC1)n1c2ccccc2[nH]c1=O,7600.0
Fc1ccc(NC(=O)N2N=C(C[C@@H]2c2ccc(F)cc2)c2ccncc2)cc1,7800.0
CC(C)[C@]1(CC[C@](C)(C1)c1nc(-c2ccc(cc2)C(=O)Nc2cc(ccn2)C(F)(F)F)c2c(N)nccn12)C(O)=O,8000.0
Nc1nc(CC(=O)Nc2ccc(C[C@@H]3CC[C@@H](N3)[C@H](O)c3ccccc3)cc2)cs1,8200.0
CN(C)CCCN1c2ccccc2CCc2ccccc12,8300.0
Cc1ccc(cc1)C1(CCO)CC(=NN1C(=O)Nc1ccc(F)cc1)c1ccncc1,8600.0
Fc1ccc(cc1)C1CC(=NN1C(=O)Nc1ccccc1F)c1ccc(Br)cc1,10000.0
Fc1ccc(cc1)C1CC(=NN1C(=O)Nc1cccc(F)c1)c1ccc(Br)cc1,10000.0
CN(C)CCOc1ccc(cc1)C1(CCO)CC(=NN1C(=O)Nc1ccc(F)cc1)c1ccccc1,10000.0
COc1ccc(cc1)C1(CCO)CC(=NN1C(=O)Nc1ccc(Br)cc1)c1cccnc1,10000.0
Cc1cccnc1CN1CCC2(CC1)N(C(=O)N(C2=O)c1ccc(cc1)-c1ccccc1)c1ccnc(=O)[nH]1,10000.0
CN(CC(N)=O)[C@H](COCc1cc(cc(c1)C(F)(F)F)C(F)(F)F)c1ccccc1,10000.0
Fc1ccccc1NS(=O)(=O)c1cc(C(=O)N2CCN3CCC[C@@H]3C2)c(Cl)cc1F,10000.0
Cc1cccnc1CN1CCC2(CC1)N(C(=O)N(C2=O)c1ccc(cc1)-c1ccccc1)c1cc(=O)[nH]cn1,10000.0
COc1ccc(CCN(C)CCCC(C#N)(c2ccc(OC)c(OC)c2)C(C)C)cc1OC,150.0
Cc1sc(Nc2ccc(Cl)cc2F)nc1C(=O)N1CCC[C@H](C)[C@@H]1C,10000.0
Cc1ccc(Nc2nc(C(=O)N3CCCC(C)C3C)cs2)cc1,10000.0
COc1ccsc1CNCC[C@@]1(c2ccccn2)CCOC2(CCCC2)C1,36000.0
COC(=O)C(CCC(=O)N1CCN(c2ccccc2OC)CC1)(c1ccc(Br)cc1)C(C)C,5900.0
COC(=O)C(CCC(=O)N(C)CCCc1nc2ccccc2[nH]1)(c1ccc(Br)cc1)C(C)C,5420.0
C[C@H]1CN(C[C@H](Cc2ccccc2)C(=O)NCC(=O)O)CC[C@@]1(C)c1cccc(O)c1,5011.87
Cc1nc(Nc2ncc(C(=O)Nc3c(C)cccc3Cl)s2)cc(N2CCN(CCO)CC2)n1.O,398107.17
O=C(O)c1ccc(-n2nc(-c3ccccc3O)nc2-c2ccccc2O)cc1,1000000.0
C[C@@H](O)[C@H]1C(=O)N2C(C(=O)O)=C(S[C@@H]3CN[C@H](CNS(N)(=O)=O)C3)[C@H](C)[C@H]12,1995.26
CNCC[C@H](Oc1cccc2ccccc12)c1cccs1,100000.0
COc1c(N2C[C@@H]3CCCN[C@@H]3C2)c(F)cc2c(=O)c(C(=O)O)cn(C3CC3)c12,398107.17
O=C1c2cccc3c2[C@H](CCC3)CN1[C@@H]1CN2CCC1CC2,398107.17
N[C@@H](CC(=O)N1CCn2c(nnc2C(F)(F)F)C1)Cc1cc(F)c(F)cc1F,100000000.0
O=C(O[C@H]1CN2CCC1CC2)N1CCc2ccccc2[C@@H]1c1ccccc1,6309.57
CCCc1nc(C)c2c(=O)nc(-c3cc(S(=O)(=O)N4CCN(CC)CC4)ccc3OCC)[nH]n12,15848.93
OC(CNCC(O)C1CCc2cc(F)ccc2O1)C1CCc2cc(F)ccc2O1,15848.93
CCOC(=O)C1=C(COCCN)NC(C)=C(C(=O)OC)C1c1ccccc1Cl,4200.0
COC(=O)C1=C(C)NC(C)=C(C(=O)O[C@H]2CCN(Cc3ccccc3)C2)[C@H]1c1cccc([N+](=O)[O-])c1,3100.0
COC(=O)C1=C(C)NC(C)=C(C(=O)OC2CCCN(Cc3ccccc3)C2)C1c1cccc([N+](=O)[O-])c1,13800.0
CC(C)COCC(CN(Cc1ccccc1)c1ccccc1)N1CCCC1,1400.0
COCCOC(=O)C1=C(C)NC(C)=C(C(=O)OC/C=C/c2ccccc2)C1c1cccc([N+](=O)[O-])c1,5300.0
COc1ccc(CCN(C)CCCC(C#N)(c2cc(OC)c(OC)c(OC)c2)C(C)C)cc1OC,17.0
CC(C)Cn1c(=O)n(C)c(=O)c2nc[nH]c21,466000.0
COC(=O)C1=C(C)NC(C)=C(C(=O)OC(C)C)C1c1cccc2nonc12,2.2
COC(=O)C1=C(C)NC(C)=C(C(=O)OCCN(C)Cc2ccccc2)C1c1cccc([N+](=O)[O-])c1,250.0
COC(=O)C1=C(C)NC(C)=C(C(=O)OC)C1c1ccccc1[N+](=O)[O-],50.0
COCCOC(=O)C1=C(C)NC(C)=C(C(=O)OC(C)C)C1c1cccc([N+](=O)[O-])c1,110.0
COC(=O)C1=C(C)NC(C)=C(C(=O)OCC(C)C)C1c1ccccc1[N+](=O)[O-],3.0
O=C1NC(=O)C(c2ccccc2)(c2ccccc2)N1,125000.0
COc1cc(Br)c(C[N+]2(CCOCCC3CCC4CC3C4(C)C)CCOCC2)cc1OC,1750.0
C[C@]12CC[C@H]3[C@@H](CCC4=CC(=O)CC[C@@]43C)[C@@H]1CC[C@@H]2O,34.0
Cc1ccc(C(C)C)cc1O,98000.0
Cc1ccc(C(C)C)c(O)c1,158000.0
C=CCc1ccc(O)c(OC)c1,187000.0
COc1cc(CCC(C)=O)ccc1O,2000000.0
CCCNC(C)C(=O)Nc1c(C)csc1C(=O)OC,471000.0
CCN(CC)CC(=O)N1C[C@@H](c2ccc(Cl)cc2)Sc2ccccc21,52000.0
NCCC(Oc1ccc(C(F)(F)F)cc1)c1ccccc1,1130.0
CNCCC(Oc1ccc(C(F)(F)F)cc1)c1ccccc1,5400.0
CCOc1ccc(Oc2ccc(OCc3cc(F)ccc3F)cc2)c(N)c1,3600.0
N=C(N)SCCc1ccc(OCc2ccc([N+](=O)[O-])cc2)cc1,3200.0
CCCOC(C(=O)OC1CCN(C)CC1)(c1ccccc1)c1ccccc1,41700.0
CCC(=O)N(c1ccccc1)C1(C(=O)OC)CCN(CCC(=O)OC)CC1,38900.0
CNC1(c2ccccc2Cl)CCCCC1=O,1800.0
COc1ccccc1OCC(O)CN1CCN(CC(=O)Nc2c(C)cccc2C)CC1,311000.0
CCOc1cc(C(=O)Nc2cc(C(F)(F)F)ccn2)ccc1-c1nc(C23CCC(C(=O)O)(CC2)CC3)n2ccnc(N)c12,15000.0
C[C@]1(C(=O)O)CC[C@@](C)(c2nc(-c3ccc(C(=O)Nc4cc(C(F)(F)F)ccn4)cc3)c3c(N)nccn23)C1,19000.0
C[C@H]1CC[C@@H](c2nc(-c3ccc(C(=O)Nc4cc(C(F)(F)F)ccn4)cc3F)c3c(N)nccn23)CN1C(=O)C1CC1,4500.0
CCNCCc1c(C(=O)NCc2ccccc2OCC(F)(F)F)nn(-c2ccccc2)c1-c1ccccc1,860.0
CC(C)OCc1ccccc1CNC(=O)c1c2c(c(Cl)n1C)CC(C)(C)CC2,2730.0
CN(C)c1ccc(CC(=O)Nc2ccn(Cc3ccc(F)c(F)c3)n2)cc1,7100.0
CC(C)(C)c1ccc(CC(=O)Nc2ccn(Cc3ccc(C#N)cn3)n2)cc1,2420.0
N#Cc1ccc(Cn2ccc(NC(=O)Cc3ccc(C4(C(F)(F)F)CC4)cc3)n2)nc1,2410.0
Cc1cc(CC(=O)Nc2ccn(Cc3ccc(C#N)cn3)n2)ccc1OCC(F)(F)F,3310.0
Cc1cc(CC(=O)Nc2ccn(Cc3ccc(C#N)cn3)n2)ccc1OCCC(F)(F)F,2080.0
Cc1cc(CC(=O)Nc2ccn(Cc3ccc(C#N)cn3)n2)ccc1OC(F)(F)F,1480.0
CCc1cc(CC(=O)Nc2ccn(Cc3ccc(C#N)cn3)n2)ccc1OCC(F)(F)F,1100.0
O=C(Cc1cccc(Cl)c1)Nc1ccn(Cc2ccccc2)n1,2800.0
CNC(=O)c1c(-c2ccc(F)cc2)oc2cc(N(C)S(C)(=O)=O)c(-c3ccc4ncn5c6cccc(F)c6cc5c4n3)cc12,22000.0
CNC(=O)c1c(-c2ccc(F)cc2)oc2cc(N(C)S(C)(=O)=O)c(-c3ccc4ccn5c6cccc(F)c6cc5c4n3)cc12,18000.0
CNC(=O)c1c(-c2ccc(F)cc2)oc2cc(N(C)S(C)(=O)=O)c(-c3ccc4c(n3)-c3cc5c(F)cccc5n3CC4)cc12,18000.0
CCOC(=O)N1CC/C(=C\C#Cc2cccc(C)n2)C1,16230.0
Cc1nc2c(=O)n(C3CC3)c3c(Cl)c(N4CC[C@@H]([C@H](C)N)C4)c(F)cc3c2o1,93600.0
C[C@H](NC(=O)c1cc(C(F)(F)F)nn1C)c1nc(-c2ccnc(C(F)(F)F)c2)no1,10700.0
COc1cc(F)c(-c2ccc(C(=O)O)cc2C)cc1-c1ccc(C(F)(F)F)cc1[C@@H]1CC[C@H]2[C@@H](c3cc(C(F)(F)F)cc(C(F)(F)F)c3)OC(=O)N12,17000.0
COc1ccc(-c2ccc(C(=O)O)cc2C)cc1-c1cnc(N(C)C)cc1[C@@H]1CC[C@H]2[C@@H](c3cc(C(F)(F)F)cc(C(F)(F)F)c3)OC(=O)N12,17000.0
COc1ncc(-c2ccc(C(=O)O)cc2C)cc1-c1ncc(C(F)(F)F)cc1[C@@H]1CC[C@H]2[C@@H](c3cc(C(F)(F)F)cc(C(F)(F)F)c3)OC(=O)N12,7000.0
COc1cc(F)c(-c2ccc(C(=O)O)cc2C)cc1-c1ccc(F)cc1[C@@H]1CC[C@H]2[C@@H](c3cc(C(F)(F)F)cc(C(F)(F)F)c3)OC(=O)N12,16000.0
COc1ccc(CCC(=O)O)cc1-c1ccc(C(F)(F)F)cc1[C@@H]1CC[C@H]2[C@@H](c3cc(C(F)(F)F)cc(C(F)(F)F)c3)OC(=O)N12,7000.0
COc1ccc([C@H]2C[C@H](C(=O)O)C2)cc1-c1ccc(C(F)(F)F)cc1[C@@H]1CC[C@H]2[C@@H](c3cc(C(F)(F)F)cc(C(F)(F)F)c3)OC(=O)N12,4000.0
COc1ccc([C@@H]2C[C@@H](O)[C@@H](O)C2)cc1-c1ccc(C(F)(F)F)cc1[C@@H]1CC[C@H]2[C@@H](c3cc(C(F)(F)F)cc(C(F)(F)F)c3)OC(=O)N12,7000.0
CCNC(=N)NC(=O)Nc1c(CC)cccc1CC,8350.0
CCNC(=N)NC(=O)Nc1c(CC)cc(C(=O)NCc2ccccc2)cc1CC,22500.0
C[C@H]1C[C@@H](N2C(=N)N[C@](C)(c3cccc(Nc4ccc(C5CC5)nc4)c3Cl)CC2=O)CCO1,27000.0
CNCC[C@@](O)(c1cccc2ccccc12)[C@H](c1ccccc1)c1cc2cc(Br)ccc2nc1OC,750.0
C[C@]1(CN2Cc3nc(-c4ccc(F)cc4)sc3C2)Cn2cc([N+](=O)[O-])nc2O1,13300.0
Cn1nc(C(=O)OCCCCNC[C@H](O)c2ccc(O)c3[nH]c(=O)ccc23)cc1COc1cccc([C@@H](NC(=O)O[C@H]2CN3CCC2CC3)c2ccccc2)c1,50000.0
Cc1cc(C#N)cnc1C(=O)Nc1ccc(F)c([C@]2(C)CS(=O)(=O)[C@@](C)(C(F)F)C(=N)N2)n1,7059.0
CSc1c(C#N)c(=O)c2ccc(F)cc2n1-c1c(Cl)cccc1Cl,24200.0
CC(=O)Nc1c(F)cc(C(=O)N[C@H]2CC[C@H](O)CC2)cc1O[C@@H](C)c1ccccc1,100000.0
CNC(=O)c1cc(C(=O)NC2CC2)cn(Cc2ccccc2)c1=O,79432.82
COc1ccc(-c2cc(C(N)=O)nc3cc(CCc4cnc(C)nc4)ccc23)c(F)c1,5100.0
C=C(NCC)NC(=O)Nc1c(CC)cccc1CC,8400.0
CCNc1cccc(Nc2c(CC)cccc2CC)n1,8100.0
CCNc1ccc(C(F)(F)F)c(Nc2c(CC)cccc2CC)n1,15000.0
CCNc1cc(OC)cc(Nc2c(CC)cccc2CC)n1,3400.0
Cn1cc(-c2cc(C(N)=O)nc3cc(CN4CCO[C@@H](C(F)(F)F)C4)ccc23)cn1,22000.0
CN1CCC[C@@H](OC(=O)[C@](O)(c2ccccc2)c2cccc(OCCCNC(=O)c3ccc(CNC[C@H](O)c4ccc(O)c5[nH]c(=O)ccc45)cc3)c2)C1,314000.0
NS(=O)(=O)c1cccc(NC(=O)c2cc(C(F)(F)F)cnc2N2CCC(F)(F)CC2)c1,27000.0
COc1cc(NC(=O)Cc2ccc(Cl)cc2)ccc1C[C@H]1COC(=O)N1,12900.0
COc1nc(NC(=O)Cc2ccc(Cl)cc2)ccc1C[C@H]1COC(=O)N1,13500.0
COc1cc(NC(=O)Cc2ccc(Cl)cc2Cl)ccc1C[C@H]1COC(=O)N1,9600.0
COc1cc(NC(=O)Cc2ccc(C(F)(F)F)cc2)ccc1C[C@H]1COC(=O)N1,7600.0
COc1cc(NC(=O)Cc2ccc(Br)cc2)ccc1C[C@H]1COC(=O)N1,11100.0
CC(C)(C)NC(=O)CN1CC(Cc2nc3c(C(F)(F)F)cc(C(F)(F)F)cc3[nH]2)C1,6120.0
CC1(NC(=O)CN2CC(Cc3nc4c(C(F)(F)F)cc(C(F)(F)F)cc4[nH]3)C2)CCC1,3900.0
CC(C)(C)CC(=O)NCc1nc2cc(C(F)(F)F)cc(C(F)(F)F)c2[nH]1,6000.0
FC(F)(F)Cc1nc2c(C(F)(F)F)cc(C(F)(F)F)cc2[nH]1,7500.0
CC(C)C[C@H](CN)CC(=O)NCc1nc2cc(C(F)(F)F)cc(C(F)(F)F)c2[nH]1,8400.0
FC(F)(F)c1cc(C(F)(F)F)c2nc(CC3CNC3)[nH]c2c1,4240.0
FC(F)(F)c1cc2nc(CC3CNC3)[nH]c2cc1C(F)(F)F,4300.0
CC(C)C[C@H](CN)Cc1nc2c(C(F)(F)F)cc(C(F)(F)F)cc2[nH]1,2990.0
CC(C)(C)OC(=O)NCc1nc2c(C(F)(F)F)cc(C(F)(F)F)cc2[nH]1,8120.0
CC(C)(N)Cc1nc2cc(C(F)(F)F)cc(C(F)(F)F)c2[nH]1,9160.0
CN(Cc1nc2cc(C(F)(F)F)cc(C(F)(F)F)c2[nH]1)C(=O)OC(C)(C)C,8300.0
CN(Cc1nc2cc(C(F)(F)F)cc(C(F)(F)F)c2[nH]1)C(=O)CNC(C)(C)C,9900.0
CC(C)(C)NC(=O)NCc1nc2cc(C(F)(F)F)cc(C(F)(F)F)c2[nH]1,8100.0
NC1(Cc2nc3cc(C(F)(F)F)cc(C(F)(F)F)c3[nH]2)CCCCC1,4650.0
COc1ccc(CCNC2CCCC(C(C#N)(c3ccc(OC)c(OC)c3)C(C)C)C2)cc1OC,540.0
COc1ccc(CCN(C)C2CCCC(C(C#N)(c3ccc(OC)c(OC)c3)C(C)C)C2)cc1OC,390.0
CC(C)N1C(=O)[C@H](NC(=O)[C@@H](Cc2ccccc2OC(F)(F)F)NC(=O)OC(C)(C)C)CCc2ccccc21,3500.0
CC(C)N1C(=O)[C@@H](NC(=O)[C@@H](Cc2ccccc2OC(F)(F)F)NC(=O)OC(C)(C)C)CCc2ccccc21,1725.0
Cn1nccc1-c1ccc2c(c1)C(=O)CC1(CCN(C(=O)N[C@H]3C[C@@H]3c3ccccc3)CC1)O2,28000.0
O=C(N[C@H]1C[C@@H]1c1ccccc1)N1CCC2(CCc3ncccc3O2)CC1,20000.0
Cn1nccc1Nc1ccc2c(c1)C(=O)CC1(CCN(C(=O)N[C@H]3C[C@@H]3c3ccccc3)CC1)O2,26000.0
Cn1cc(C2CCN(C(=O)NC3CC3c3ccccc3)CC2)nn1,11000.0
O=C(NC1CC1c1ccccc1)N1CCC(c2nc3ccccc3o2)CC1,12000.0
O=C(NC1CC1c1ccccc1)N1CCC(c2nc(-c3ccccc3C(F)(F)F)no2)CC1,2000.0
O=C(NC1CC1c1ccccc1)N1CCC(c2nc(-c3cccnc3)no2)CC1,19000.0
O=C(NC1CC1c1ccccc1)N1CCC(c2nc(-c3nccc4ccccc34)no2)CC1,3000.0
O=C(NC1CC1c1ccccc1)N1CCC(c2nc(-c3ccc4ccccc4n3)no2)CC1,6800.0
O=C(Nc1ccc(C(F)(F)F)cc1)N1CCC(c2nc(-c3ccccn3)no2)CC1,15000.0
O=C(NC1CCc2ccccc2CC1)N1CCC(c2nc(-c3ccccn3)no2)CC1,30000.0
Cc1cccc(Nc2ccc(-c3ccc(N4CCNCC4)nc3)cc2)n1,20000.0
CC#CC(CC(=O)O)c1ccc(Oc2ccc(C(F)(F)F)cc2OC(F)F)cc1F,25600.0
CC#C[C@@H](c1ccc(Oc2ccc(C(F)(F)F)cc2OC(F)F)cc1)[C@H]1OC(=O)NC1=O,5100.0
CCCN(C1CCN(Cc2c(OC)cccc2OC)CC1)S(=O)(=O)c1cccc(C(F)(F)F)c1,3200.0
Nc1nc(CC(=O)Nc2ccc(C[C@@H]3CC[C@H]([C@H](O)c4ccccc4)N3)cc2)cs1,8200.0
COc1ccc2ncc(=O)n(CCN3CCC(NCc4ccc5c(n4)NC(=O)CO5)CC3)c2c1,92000.0
COc1cc2nc(N(C)CCCNC(=O)C3CCCO3)nc(N)c2cc1OC,199526.23
COC(c1ccccc1)(c1ccccc1)[C@H](Oc1nc(C)cc(C)n1)C(=O)O,2511886.43
NC(=O)C(c1ccccc1)(c1ccccc1)[C@@H]1CCN(CCc2ccc3c(c2)CCO3)C1,1584893.19
Nc1nnc(-c2cccc(Cl)c2Cl)c(N)n1,1584893.19
CS(=O)(=O)CCNCc1ccc(-c2ccc3ncnc(Nc4ccc(OCc5cccc(F)c5)c(Cl)c4)c3c2)o1,1995262.31
Cc1cn(-c2cc(NC(=O)c3ccc(C)c(Nc4nccc(-c5cccnc5)n4)c3)cc(C(F)(F)F)c2)cn1,199526.23
Cc1nc2n(c(=O)c1CCN1CCC(c3noc4cc(F)ccc34)CC1)CCCC2O,398107.17
CCCc1nn(C)c2c(=O)[nH]c(-c3cc(S(=O)(=O)N4CCN(C)CC4)ccc3OCC)nc12,100000.0
C[C@H](Cc1cc2c(c(C(N)=O)c1)N(CCCO)CC2)NCCOc1ccccc1OCC(F)(F)F,794328.23
CCN(CC)CCNC(=O)c1c(C)[nH]c(/C=C2\C(=O)Nc3ccc(F)cc32)c1C,79432.82
CC(C)CN(C[C@@H](O)[C@H](Cc1ccccc1)NC(=O)O[C@H]1CO[C@H]2OCC[C@H]21)S(=O)(=O)c1ccc(N)cc1,1584893.19
CN1CC(=O)N2[C@H](c3ccc4c(c3)OCO4)c3[nH]c4ccccc4c3C[C@@H]2C1=O,398107.17
Cc1ccc(O)c([C@H](CCN(C(C)C)C(C)C)c2ccccc2)c1,25118.86
COc1ccc([C@@H]2Sc3ccccc3N(CCN(C)C)C(=O)[C@@H]2OC(C)=O)cc1,44000.0
C[C@]12CC[C@@H]3c4ccc(O)cc4CC[C@H]3[C@@H]1CC[C@@H]2O,50000.0
C=C[C@H]1CN2CC[C@H]1C[C@@H]2[C@@H](O)c1ccnc2ccc(OC)cc12,19820.0
Cc1nc2n(c(=O)c1CCN1CCC(c3noc4cc(F)ccc34)CC1)CCCC2,125000.0
CC1=C(C(=O)OCCCCCCCCCC[N+](C)(C)C)C(c2cccc3nonc23)C(C(=O)OC(C)C)=C(C)N1,70.0
CC(C)(C)c1ccc(C(O)CCCN2CCC(C(O)(c3ccccc3)c3ccccc3)CC2)cc1,1320.0
CSc1ccc2c(c1)N(CCC1CCCCN1C)c1ccccc1S2,1320.0
CO[C@]1(CCN(C)CCCc2nc3ccccc3[nH]2)C[C@@H]2CC[C@H]1c1ccccc12,2670.0
COc1cccc2nc(CCCN(C)CC[C@]3(OC(=O)C(C)C)C[C@H]4CCC[C@@H]3c3ccccc34)[nH]c12,387.0
CC(C)C(=O)O[C@]1(CCN(C)CCCc2nc3ccccc3[nH]2)C[C@@H]2CCC[C@H]1c1ccccc12,648.0
CC(C)C(=O)O[C@@]1(CCN(C)CCCc2nc3ccccc3[nH]2)C[C@H]2CCC[C@@H]1c1ccccc12,455.0
CC(C)C(=O)O[C@]1(CCN(C)CCCc2nc3ccccc3[nH]2)C[C@@H]2CC[C@H]1c1ccccc12,699.0
CC(C)C(=O)O[C@@]1(CCN(C)CCCc2nc3ccccc3[nH]2)C[C@H]2CC[C@@H]1c1ccccc12,424.0
CN(CCCc1nc2ccccc2[nH]1)CC[C@@]1(OC(=O)C2CC2)C[C@@H]2CC[C@H]1c1ccccc12,140.0
COCC(=O)O[C@]1(CCN(C)CCCc2nc3ccccc3[nH]2)C[C@@H]2CC[C@H]1c1ccccc12,748.0
CC(C)C(=O)O[C@]1(CCN(C)CCCc2nc3ccccc3[nH]2)C[C@H](O)c2cc(F)ccc2[C@@H]1C(C)C,426.0
CC(C)C(=O)O[C@]1(CCN(C)CCCc2nc3ccccc3[nH]2)C[C@@H](O)c2cc(F)ccc2[C@@H]1C(C)C,504.0
CC(C)C(=O)O[C@]1(CCN(C)CCCc2nc3ccccc3[nH]2)C[C@H](OCc2ccccc2)c2cc(F)ccc2[C@@H]1C(C)C,225.0
CC(C)C(=O)O[C@]1(CCN(C)CCCc2nc3ccccc3[nH]2)C[C@@H](OCc2ccccc2)c2cc(F)ccc2[C@@H]1C(C)C,156.0
CO[C@H]1C[C@@](CCN(C)CCCc2nc3ccccc3[nH]2)(OC(=O)C(C)C)[C@@H](C(C)C)c2ccc(F)cc21,403.0
CO[C@@H]1C[C@@](CCN(C)CCCc2nc3ccccc3[nH]2)(OC(=O)C(C)C)[C@@H](C(C)C)c2ccc(F)cc21,588.0
CCCC[C@@H]1C[C@@](CCN(C)CCCc2nc3ccccc3[nH]2)(OC(=O)COC)[C@@H](C(C)C)c2ccc(F)cc21,173.0
CC(C)C(=O)O[C@]1(CCN(C)CCCc2nc3ccccc3[nH]2)CCc2cc(F)ccc2[C@@H]1C(C)C,347.0
O=S(=O)(Nc1ccc(CCNC[C@H](O)c2cccnc2)cc1)c1ccc(-c2nc(-c3ccc(C(F)(F)F)cc3)cs2)cc1,1700.0
O=C(Cn1cnc2ccccc2c1=O)Nc1ccc(C[C@@H]2CC[C@H]([C@H](O)c3ccccc3)N2)cc1,13000.0
O=C(NC1CCCCC1)N1N=C(c2ccc(Br)cc2)CC1c1ccc(F)cc1,1340.0
CC(C)NC(=O)N1N=C(c2ccc(Br)cc2)CC1c1ccc(F)cc1,2360.0
O=C(NCCc1ccccc1)N1N=C(c2ccc(Br)cc2)CC1c1ccc(F)cc1,1880.0
O=C(Nc1ccncc1)N1N=C(c2ccccc2)CC1c1ccc(F)cc1,3090.0
O=C(Nc1ccccn1)N1N=C(c2ccc(Br)cc2)CC1c1ccc(F)cc1,2180.0
O=C(Nc1ccc(F)cc1)N1N=C(c2ccncc2)CC1c1ccc(F)cc1,6400.0
O=C(Nc1ccc(F)cc1)N1N=C(c2ccncc2)C[C@@H]1c1ccc(F)cc1,7800.0
O=C(Nc1ccc(F)cc1)N1N=C(c2ccncc2)C[C@H]1c1ccc(F)cc1,5400.0
CC1CC(c2ccccc2)=NN1C(=O)Nc1ccc(F)cc1,3900.0
O=C(Nc1ccc(F)cc1)N1N=C(c2ccccc2)CC1(CO)c1ccc(F)cc1,2650.0
O=C(Nc1ccc(F)cc1)N1N=C(c2ccccc2)CC1(CCO)c1ccccc1,1940.0
COCCOc1ccc(C2(CCO)CC(c3ccccc3)=NN2C(=O)Nc2ccc(F)cc2)cc1,6300.0
Cc1ccc(C2(CCO)CC(c3ccncc3)=NN2C(=O)Nc2ccc(F)cc2)cc1,8600.0
COc1ccc(C2=NN(C(=O)Nc3ccc(Cl)cc3)[C@](CCO)(c3cccnc3)C2)cc1,5700.0
COc1ccc([C@]2(CCO)CC(c3cccnc3)=NN2C(=O)Nc2ccc(Br)cc2)cc1,4800.0
Cc1ccc(C2(CCN3CCOCC3)CC(c3ccccc3)=NN2C(=O)Nc2ccc(F)cc2)cc1,5900.0
Cc1ccc(C2(CCN(C)C)CC(c3ccccc3)=NN2C(=O)Nc2ccc(F)cc2)cc1,2200.0
Cc1ccc(C2(CCN3CCN(C)CC3)CC(c3ccccc3)=NN2C(=O)Nc2ccc(F)cc2)cc1,3600.0
Cc1nccn1-c1ccc(-c2cn(CC(=O)Nc3cccc(Cl)c3Cl)nn2)cc1,21000.0
Cc1cc(-c2cc(OC(F)(F)F)ccc2Cl)cc(C)c1OCCCC(=O)O,12840.0
O=C(O)CCc1cc2cc(-c3cc(OC(F)(F)F)ccc3F)ccc2o1,15090.0
CO[C@H]1C[C@H](Oc2cc(F)c(F)c(-c3ccc4c(c3)CC[C@H](CCC(=O)O)O4)n2)C1,28000.0
Cc1nnc2sc(C(=O)NCc3ccc(S(=O)(=O)C(F)F)cc3)c(N)c2c1C,5700.0
C[C@H](NC(=O)c1c(CN2CCC(N3CCCCC3)CC2)c(-c2cccc(C(F)(F)F)c2)nc2ccccc12)c1ccccc1,4500.0
C[C@]1(C(=O)O)CCC[C@@](C)(c2nc(-c3ccc(C(=O)Nc4cc(C(F)(F)F)ccn4)cc3)c3c(N)nccn23)C1,13000.0
CC(C)[C@@]1(C(=O)O)CC[C@@](C)(c2nc(-c3ccc(C(=O)Nc4cc(C(F)(F)F)ccn4)cc3)c3c(N)nccn23)C1,8000.0
C[C@]1(C(=O)O)CC[C@@](C)(c2nc(-c3ccc(C(=O)Nc4cc(C(F)(F)F)ccn4)cc3)c3c(N)nccn32)CC1,15000.0
CSCC[C@@H]1NC(=O)CNC(=O)[C@H](CCC(=O)O)NC(=O)[C@@H]2CSSC[C@H](NC(=O)[C@@H](N)Cc3ccc(O)cc3)C(=O)N[C@@H](CCC(N)=O)C(=O)N[C@@H](CCCCN)C(=O)N[C@@H](Cc3c[nH]c4ccccc34)C(=O)N[C@@H](CCSC)C(=O)N[C@@H](Cc3c[nH]c4ccccc34)C(=O)N[C@@H]([C@@H](C)O)C(=O)N[C@H]3CSSC[C@H](NC(=O)[C@H](C(C)C)NC1=O)C(=O)N[C@@H](CCCNC(=N)N)C(=O)N[C@@H](CC(C)C)C(=O)N[C@@H](Cc1c[nH]c4ccccc14)C(=O)N[C@H](C(=O)N[C@@H](CCCCN)C(=O)N[C@@H](CCCCN)C(=O)N[C@@H](CCCCN)C(=O)N[C@@H](CC(C)C)C(=O)N[C@@H](Cc1c[nH]c4ccccc14)C(N)=O)CSSC[C@H](NC(=O)[C@H](CCCCN)NC(=O)[C@H](CCCNC(=N)N)NC(=O)[C@H](CCC(=O)O)NC(=O)[C@H](CO)NC(=O)[C@H](CC(=O)O)NC3=O)C(=O)N2,1400.0
